timeStamp,elapsed,label,responseCode,responseMessage,threadName,dataType,success,failureMessage,bytes,sentBytes,grpThreads,allThreads,URL,Latency,IdleTime,Connect
1606249785437,1614,userSettings-save,200,,Thread Group 1-15,text,true,,1002,1513,100,100,http://api.albert.health/userSettings/save,1612,0,112
1606249785437,1631,userSettings-save,200,,Thread Group 1-12,text,true,,1002,1513,100,100,http://api.albert.health/userSettings/save,1631,0,108
1606249785438,1630,userSettings-save,200,,Thread Group 1-13,text,true,,1002,1513,100,100,http://api.albert.health/userSettings/save,1630,0,112
1606249785451,1624,userSettings-save,200,,Thread Group 1-23,text,true,,1002,1513,100,100,http://api.albert.health/userSettings/save,1624,0,98
1606249785436,1646,userSettings-save,200,,Thread Group 1-9,text,true,,1002,1513,100,100,http://api.albert.health/userSettings/save,1646,0,114
1606249785437,1657,userSettings-save,200,,Thread Group 1-7,text,true,,1002,1513,100,100,http://api.albert.health/userSettings/save,1657,0,107
1606249785471,1637,userSettings-save,200,,Thread Group 1-25,text,true,,1002,1513,100,100,http://api.albert.health/userSettings/save,1637,0,78
1606249785437,1679,userSettings-save,200,,Thread Group 1-21,text,true,,1002,1513,100,100,http://api.albert.health/userSettings/save,1679,0,114
1606249785437,1681,userSettings-save,200,,Thread Group 1-18,text,true,,1002,1513,100,100,http://api.albert.health/userSettings/save,1681,0,117
1606249785437,1680,userSettings-save,200,,Thread Group 1-11,text,true,,1002,1513,100,100,http://api.albert.health/userSettings/save,1680,0,108
1606249785512,1606,userSettings-save,200,,Thread Group 1-29,text,true,,1002,1513,100,100,http://api.albert.health/userSettings/save,1606,0,38
1606249785541,1577,userSettings-save,200,,Thread Group 1-32,text,true,,1002,1513,100,100,http://api.albert.health/userSettings/save,1577,0,18
1606249785436,1688,userSettings-save,200,,Thread Group 1-10,text,true,,1002,1513,100,100,http://api.albert.health/userSettings/save,1688,0,112
1606249785436,1690,userSettings-save,200,,Thread Group 1-5,text,true,,1002,1513,100,100,http://api.albert.health/userSettings/save,1690,0,113
1606249785438,1726,userSettings-save,200,,Thread Group 1-14,text,true,,1002,1513,100,100,http://api.albert.health/userSettings/save,1726,0,108
1606249785437,1730,userSettings-save,200,,Thread Group 1-19,text,true,,1002,1513,100,100,http://api.albert.health/userSettings/save,1730,0,113
1606249785437,1738,userSettings-save,200,,Thread Group 1-16,text,true,,1002,1513,100,100,http://api.albert.health/userSettings/save,1738,0,113
1606249785436,1760,userSettings-save,200,,Thread Group 1-1,text,true,,1002,1513,100,100,http://api.albert.health/userSettings/save,1760,0,114
1606249785436,1762,userSettings-save,200,,Thread Group 1-3,text,true,,1002,1513,100,100,http://api.albert.health/userSettings/save,1762,0,113
1606249785437,1769,userSettings-save,200,,Thread Group 1-17,text,true,,1002,1513,100,100,http://api.albert.health/userSettings/save,1769,0,108
1606249785502,2973,userSettings-save,200,,Thread Group 1-28,text,true,,1002,1513,100,100,http://api.albert.health/userSettings/save,2973,0,49
1606249785521,2963,userSettings-save,200,,Thread Group 1-30,text,true,,1002,1513,100,100,http://api.albert.health/userSettings/save,2962,0,28
1606249785492,3015,userSettings-save,200,,Thread Group 1-27,text,true,,1002,1513,100,100,http://api.albert.health/userSettings/save,3015,0,53
1606249785481,3039,userSettings-save,200,,Thread Group 1-26,text,true,,1002,1513,100,100,http://api.albert.health/userSettings/save,3039,0,65
1606249785461,3078,userSettings-save,200,,Thread Group 1-24,text,true,,1002,1513,100,100,http://api.albert.health/userSettings/save,3078,0,89
1606249785531,3012,userSettings-save,200,,Thread Group 1-31,text,true,,1002,1513,100,100,http://api.albert.health/userSettings/save,3012,0,23
1606249785571,2982,userSettings-save,200,,Thread Group 1-35,text,true,,1002,1513,100,100,http://api.albert.health/userSettings/save,2982,0,17
1606249785436,3117,userSettings-save,200,,Thread Group 1-8,text,true,,1002,1513,100,100,http://api.albert.health/userSettings/save,3117,0,112
1606249785579,2982,userSettings-save,200,,Thread Group 1-36,text,true,,1002,1513,100,100,http://api.albert.health/userSettings/save,2982,0,19
1606249785551,3038,userSettings-save,200,,Thread Group 1-33,text,true,,1002,1513,100,100,http://api.albert.health/userSettings/save,3038,0,20
1606249785436,3156,userSettings-save,200,,Thread Group 1-4,text,true,,1002,1513,100,100,http://api.albert.health/userSettings/save,3156,0,109
1606249785441,3153,userSettings-save,200,,Thread Group 1-22,text,true,,1002,1513,100,100,http://api.albert.health/userSettings/save,3153,0,105
1606249785561,3039,userSettings-save,200,,Thread Group 1-34,text,true,,1002,1513,100,100,http://api.albert.health/userSettings/save,3038,0,22
1606249785436,3169,userSettings-save,200,,Thread Group 1-2,text,true,,1002,1513,100,100,http://api.albert.health/userSettings/save,3169,0,114
1606249785438,3172,userSettings-save,200,,Thread Group 1-20,text,true,,1002,1513,100,100,http://api.albert.health/userSettings/save,3172,0,111
1606249785621,2996,userSettings-save,200,,Thread Group 1-40,text,true,,1002,1513,100,100,http://api.albert.health/userSettings/save,2996,0,19
1606249785436,3203,userSettings-save,200,,Thread Group 1-6,text,true,,1002,1513,100,100,http://api.albert.health/userSettings/save,3203,0,113
1606249785611,3031,userSettings-save,200,,Thread Group 1-39,text,true,,1002,1513,100,100,http://api.albert.health/userSettings/save,3031,0,21
1606249785591,3082,userSettings-save,200,,Thread Group 1-37,text,true,,1002,1513,100,100,http://api.albert.health/userSettings/save,3082,0,19
1606249785602,3081,userSettings-save,200,,Thread Group 1-38,text,true,,1002,1513,100,100,http://api.albert.health/userSettings/save,3081,0,18
1606249785651,4196,userSettings-save,200,,Thread Group 1-43,text,true,,1002,1513,100,100,http://api.albert.health/userSettings/save,4196,0,23
1606249785631,4249,userSettings-save,200,,Thread Group 1-41,text,true,,1002,1513,100,100,http://api.albert.health/userSettings/save,4249,0,24
1606249785642,4271,userSettings-save,200,,Thread Group 1-42,text,true,,1002,1513,100,100,http://api.albert.health/userSettings/save,4271,0,19
1606249785662,4252,userSettings-save,200,,Thread Group 1-44,text,true,,1002,1513,100,100,http://api.albert.health/userSettings/save,4251,0,20
1606249785681,4239,userSettings-save,200,,Thread Group 1-46,text,true,,1002,1513,100,100,http://api.albert.health/userSettings/save,4238,0,23
1606249785691,4240,userSettings-save,200,,Thread Group 1-47,text,true,,1002,1513,100,100,http://api.albert.health/userSettings/save,4240,0,21
1606249785761,4188,userSettings-save,200,,Thread Group 1-54,text,true,,1002,1513,100,100,http://api.albert.health/userSettings/save,4188,0,21
1606249785722,4228,userSettings-save,200,,Thread Group 1-50,text,true,,1002,1513,100,100,http://api.albert.health/userSettings/save,4227,0,19
1606249785671,4280,userSettings-save,200,,Thread Group 1-45,text,true,,1002,1513,100,100,http://api.albert.health/userSettings/save,4280,0,20
1606249785701,4251,userSettings-save,200,,Thread Group 1-48,text,true,,1002,1513,100,100,http://api.albert.health/userSettings/save,4251,0,22
1606249785711,4248,userSettings-save,200,,Thread Group 1-49,text,true,,1002,1513,100,100,http://api.albert.health/userSettings/save,4248,0,20
1606249785780,4182,userSettings-save,200,,Thread Group 1-56,text,true,,1002,1513,100,100,http://api.albert.health/userSettings/save,4182,0,20
1606249785741,4237,userSettings-save,200,,Thread Group 1-52,text,true,,1002,1513,100,100,http://api.albert.health/userSettings/save,4237,0,20
1606249785731,4247,userSettings-save,200,,Thread Group 1-51,text,true,,1002,1513,100,100,http://api.albert.health/userSettings/save,4247,0,21
1606249785771,4210,userSettings-save,200,,Thread Group 1-55,text,true,,1002,1513,100,100,http://api.albert.health/userSettings/save,4210,0,19
1606249785791,4206,userSettings-save,200,,Thread Group 1-57,text,true,,1002,1513,100,100,http://api.albert.health/userSettings/save,4206,0,19
1606249785751,4264,userSettings-save,200,,Thread Group 1-53,text,true,,1002,1513,100,100,http://api.albert.health/userSettings/save,4264,0,19
1606249785811,4211,userSettings-save,200,,Thread Group 1-59,text,true,,1002,1513,100,100,http://api.albert.health/userSettings/save,4211,0,19
1606249785800,4253,userSettings-save,200,,Thread Group 1-58,text,true,,1002,1513,100,100,http://api.albert.health/userSettings/save,4253,0,25
1606249785822,4255,userSettings-save,200,,Thread Group 1-60,text,true,,1002,1513,100,100,http://api.albert.health/userSettings/save,4255,0,19
1606249785831,5315,userSettings-save,200,,Thread Group 1-61,text,true,,1002,1513,100,100,http://api.albert.health/userSettings/save,5315,0,21
1606249785851,5328,userSettings-save,200,,Thread Group 1-63,text,true,,1002,1513,100,100,http://api.albert.health/userSettings/save,5327,0,20
1606249785861,5338,userSettings-save,200,,Thread Group 1-64,text,true,,1002,1513,100,100,http://api.albert.health/userSettings/save,5338,0,20
1606249785841,5362,userSettings-save,200,,Thread Group 1-62,text,true,,1002,1513,100,100,http://api.albert.health/userSettings/save,5362,0,20
1606249785881,5323,userSettings-save,200,,Thread Group 1-66,text,true,,1002,1513,100,100,http://api.albert.health/userSettings/save,5323,0,25
1606249785891,5328,userSettings-save,200,,Thread Group 1-67,text,true,,1002,1513,100,100,http://api.albert.health/userSettings/save,5328,0,21
1606249785872,5395,userSettings-save,200,,Thread Group 1-65,text,true,,1002,1513,100,100,http://api.albert.health/userSettings/save,5395,0,18
1606249785911,5357,userSettings-save,200,,Thread Group 1-69,text,true,,1002,1513,100,100,http://api.albert.health/userSettings/save,5357,0,20
1606249785961,5307,userSettings-save,200,,Thread Group 1-74,text,true,,1002,1513,100,100,http://api.albert.health/userSettings/save,5307,0,22
1606249785941,5328,userSettings-save,200,,Thread Group 1-72,text,true,,1002,1513,100,100,http://api.albert.health/userSettings/save,5328,0,20
1606249785901,5375,userSettings-save,200,,Thread Group 1-68,text,true,,1002,1513,100,100,http://api.albert.health/userSettings/save,5375,0,19
1606249785920,5360,userSettings-save,200,,Thread Group 1-70,text,true,,1002,1513,100,100,http://api.albert.health/userSettings/save,5360,0,21
1606249785931,5355,userSettings-save,200,,Thread Group 1-71,text,true,,1002,1513,100,100,http://api.albert.health/userSettings/save,5355,0,20
1606249785951,5343,userSettings-save,200,,Thread Group 1-73,text,true,,1002,1513,100,100,http://api.albert.health/userSettings/save,5343,0,20
1606249785980,5316,userSettings-save,200,,Thread Group 1-76,text,true,,1002,1513,100,100,http://api.albert.health/userSettings/save,5316,0,18
1606249785970,5348,userSettings-save,200,,Thread Group 1-75,text,true,,1002,1513,100,100,http://api.albert.health/userSettings/save,5348,0,19
1606249786010,5311,userSettings-save,200,,Thread Group 1-79,text,true,,1002,1513,100,100,http://api.albert.health/userSettings/save,5311,0,18
1606249785991,5332,userSettings-save,200,,Thread Group 1-77,text,true,,1002,1513,100,100,http://api.albert.health/userSettings/save,5332,0,18
1606249786002,5372,userSettings-save,200,,Thread Group 1-78,text,true,,1002,1513,100,100,http://api.albert.health/userSettings/save,5372,0,16
1606249786021,5366,userSettings-save,200,,Thread Group 1-80,text,true,,1002,1513,100,100,http://api.albert.health/userSettings/save,5366,0,16
1606249786051,6493,userSettings-save,200,,Thread Group 1-83,text,true,,1002,1513,100,100,http://api.albert.health/userSettings/save,6493,0,16
1606249786040,6543,userSettings-save,200,,Thread Group 1-82,text,true,,1002,1513,100,100,http://api.albert.health/userSettings/save,6543,0,18
1606249786031,6554,userSettings-save,200,,Thread Group 1-81,text,true,,1002,1513,100,100,http://api.albert.health/userSettings/save,6554,0,16
1606249786071,6523,userSettings-save,200,,Thread Group 1-85,text,true,,1002,1513,100,100,http://api.albert.health/userSettings/save,6522,0,21
1606249786081,6517,userSettings-save,200,,Thread Group 1-86,text,true,,1002,1513,100,100,http://api.albert.health/userSettings/save,6517,0,19
1606249786141,6498,userSettings-save,200,,Thread Group 1-92,text,true,,1002,1513,100,100,http://api.albert.health/userSettings/save,6498,0,19
1606249786059,6581,userSettings-save,200,,Thread Group 1-84,text,true,,1002,1513,100,100,http://api.albert.health/userSettings/save,6581,0,19
1606249787069,5572,profile-loadConnectedProfiles,200,,Thread Group 1-13,text,true,,1663,1117,100,100,http://api.albert.health/profile/loadConnectedProfiles,5572,0,0
1606249786101,6556,userSettings-save,200,,Thread Group 1-88,text,true,,1002,1513,100,100,http://api.albert.health/userSettings/save,6556,0,19
1606249786112,6546,userSettings-save,200,,Thread Group 1-89,text,true,,1002,1513,100,100,http://api.albert.health/userSettings/save,6546,0,19
1606249786120,6539,userSettings-save,200,,Thread Group 1-90,text,true,,1002,1513,100,100,http://api.albert.health/userSettings/save,6539,0,21
1606249786132,6527,userSettings-save,200,,Thread Group 1-91,text,true,,1002,1513,100,100,http://api.albert.health/userSettings/save,6527,0,19
1606249786181,6486,userSettings-save,200,,Thread Group 1-96,text,true,,1002,1513,100,100,http://api.albert.health/userSettings/save,6486,0,19
1606249786160,6508,userSettings-save,200,,Thread Group 1-94,text,true,,1002,1513,100,100,http://api.albert.health/userSettings/save,6508,0,21
1606249787069,5609,profile-loadConnectedProfiles,200,,Thread Group 1-12,text,true,,1663,1117,100,100,http://api.albert.health/profile/loadConnectedProfiles,5609,0,0
1606249787076,5608,profile-loadConnectedProfiles,200,,Thread Group 1-23,text,true,,1663,1117,100,100,http://api.albert.health/profile/loadConnectedProfiles,5608,0,0
1606249786171,6523,userSettings-save,200,,Thread Group 1-95,text,true,,1002,1513,100,100,http://api.albert.health/userSettings/save,6523,0,21
1606249787096,5600,profile-loadConnectedProfiles,200,,Thread Group 1-7,text,true,,1663,1117,100,100,http://api.albert.health/profile/loadConnectedProfiles,5600,0,0
1606249786151,6546,userSettings-save,200,,Thread Group 1-93,text,true,,1002,1513,100,100,http://api.albert.health/userSettings/save,6546,0,20
1606249786090,6608,userSettings-save,200,,Thread Group 1-87,text,true,,1002,1513,100,100,http://api.albert.health/userSettings/save,6608,0,21
1606249787117,5583,profile-loadConnectedProfiles,200,,Thread Group 1-21,text,true,,1663,1117,100,100,http://api.albert.health/profile/loadConnectedProfiles,5583,0,0
1606249787083,5625,profile-loadConnectedProfiles,200,,Thread Group 1-9,text,true,,1663,1117,100,100,http://api.albert.health/profile/loadConnectedProfiles,5625,0,0
1606249787108,5603,profile-loadConnectedProfiles,200,,Thread Group 1-25,text,true,,1663,1117,100,100,http://api.albert.health/profile/loadConnectedProfiles,5603,0,0
1606249787119,5592,profile-loadConnectedProfiles,200,,Thread Group 1-11,text,true,,1663,1117,100,100,http://api.albert.health/profile/loadConnectedProfiles,5592,0,0
1606249787126,5588,profile-loadConnectedProfiles,200,,Thread Group 1-10,text,true,,1663,1117,100,100,http://api.albert.health/profile/loadConnectedProfiles,5588,0,0
1606249787176,5541,profile-loadConnectedProfiles,200,,Thread Group 1-16,text,true,,1663,1117,100,100,http://api.albert.health/profile/loadConnectedProfiles,5541,0,0
1606249787119,5599,profile-loadConnectedProfiles,200,,Thread Group 1-29,text,true,,1663,1117,100,100,http://api.albert.health/profile/loadConnectedProfiles,5599,0,0
1606249787118,5605,profile-loadConnectedProfiles,200,,Thread Group 1-18,text,true,,1663,1117,100,100,http://api.albert.health/profile/loadConnectedProfiles,5605,0,0
1606249787053,5670,profile-loadConnectedProfiles,200,,Thread Group 1-15,text,true,,1663,1117,100,100,http://api.albert.health/profile/loadConnectedProfiles,5670,0,0
1606249787128,5619,profile-loadConnectedProfiles,200,,Thread Group 1-5,text,true,,1663,1117,100,100,http://api.albert.health/profile/loadConnectedProfiles,5619,0,0
1606249788594,4157,profile-loadConnectedProfiles,200,,Thread Group 1-22,text,true,,1663,1117,100,100,http://api.albert.health/profile/loadConnectedProfiles,4157,0,0
1606249787119,5634,profile-loadConnectedProfiles,200,,Thread Group 1-32,text,true,,1663,1117,100,100,http://api.albert.health/profile/loadConnectedProfiles,5633,0,0
1606249787197,5557,profile-loadConnectedProfiles,200,,Thread Group 1-1,text,true,,1663,1117,100,100,http://api.albert.health/profile/loadConnectedProfiles,5557,0,0
1606249788539,4216,profile-loadConnectedProfiles,200,,Thread Group 1-24,text,true,,1663,1117,100,100,http://api.albert.health/profile/loadConnectedProfiles,4216,0,0
1606249787165,5591,profile-loadConnectedProfiles,200,,Thread Group 1-14,text,true,,1663,1117,100,100,http://api.albert.health/profile/loadConnectedProfiles,5591,0,0
1606249788508,4248,profile-loadConnectedProfiles,200,,Thread Group 1-27,text,true,,1663,1117,100,100,http://api.albert.health/profile/loadConnectedProfiles,4248,0,0
1606249788554,4204,profile-loadConnectedProfiles,200,,Thread Group 1-35,text,true,,1663,1117,100,100,http://api.albert.health/profile/loadConnectedProfiles,4204,0,0
1606249787199,5559,profile-loadConnectedProfiles,200,,Thread Group 1-3,text,true,,1663,1117,100,100,http://api.albert.health/profile/loadConnectedProfiles,5559,0,0
1606249787206,5553,profile-loadConnectedProfiles,200,,Thread Group 1-17,text,true,,1663,1117,100,100,http://api.albert.health/profile/loadConnectedProfiles,5553,0,0
1606249788484,4275,profile-loadConnectedProfiles,200,,Thread Group 1-30,text,true,,1663,1117,100,100,http://api.albert.health/profile/loadConnectedProfiles,4275,0,0
1606249787167,5600,profile-loadConnectedProfiles,200,,Thread Group 1-19,text,true,,1663,1117,100,100,http://api.albert.health/profile/loadConnectedProfiles,5600,0,0
1606249788562,4212,profile-loadConnectedProfiles,200,,Thread Group 1-36,text,true,,1663,1117,100,100,http://api.albert.health/profile/loadConnectedProfiles,4212,0,0
1606249786211,6575,userSettings-save,200,,Thread Group 1-99,text,true,,1002,1513,100,100,http://api.albert.health/userSettings/save,6575,0,22
1606249788673,4114,profile-loadConnectedProfiles,200,,Thread Group 1-37,text,true,,1663,1117,100,100,http://api.albert.health/profile/loadConnectedProfiles,4114,0,0
1606249786190,6598,userSettings-save,200,,Thread Group 1-97,text,true,,1002,1513,100,100,http://api.albert.health/userSettings/save,6598,0,23
1606249786200,6603,userSettings-save,200,,Thread Group 1-98,text,true,,1002,1513,100,100,http://api.albert.health/userSettings/save,6603,0,23
1606249788554,4250,profile-loadConnectedProfiles,200,,Thread Group 1-8,text,true,,1663,1117,100,100,http://api.albert.health/profile/loadConnectedProfiles,4250,0,0
1606249786220,6598,userSettings-save,200,,Thread Group 1-100,text,true,,1002,1513,100,100,http://api.albert.health/userSettings/save,6598,0,19
1606249788610,4208,profile-loadConnectedProfiles,200,,Thread Group 1-20,text,true,,1663,1117,100,100,http://api.albert.health/profile/loadConnectedProfiles,4208,0,0
1606249789914,2904,profile-loadConnectedProfiles,200,,Thread Group 1-44,text,true,,1663,1117,100,100,http://api.albert.health/profile/loadConnectedProfiles,2904,0,0
1606249788607,4211,profile-loadConnectedProfiles,200,,Thread Group 1-2,text,true,,1663,1117,100,100,http://api.albert.health/profile/loadConnectedProfiles,4211,0,0
1606249788594,4224,profile-loadConnectedProfiles,200,,Thread Group 1-4,text,true,,1663,1117,100,100,http://api.albert.health/profile/loadConnectedProfiles,4224,0,0
1606249789847,2971,profile-loadConnectedProfiles,200,,Thread Group 1-43,text,true,,1663,1117,100,100,http://api.albert.health/profile/loadConnectedProfiles,2971,0,0
1606249788521,4308,profile-loadConnectedProfiles,200,,Thread Group 1-26,text,true,,1663,1117,100,100,http://api.albert.health/profile/loadConnectedProfiles,4308,0,0
1606249788590,4239,profile-loadConnectedProfiles,200,,Thread Group 1-33,text,true,,1663,1117,100,100,http://api.albert.health/profile/loadConnectedProfiles,4239,0,0
1606249788640,4193,profile-loadConnectedProfiles,200,,Thread Group 1-6,text,true,,1663,1117,100,100,http://api.albert.health/profile/loadConnectedProfiles,4193,0,0
1606249788600,4242,profile-loadConnectedProfiles,200,,Thread Group 1-34,text,true,,1663,1117,100,100,http://api.albert.health/profile/loadConnectedProfiles,4242,0,0
1606249789880,2962,profile-loadConnectedProfiles,200,,Thread Group 1-41,text,true,,1663,1117,100,100,http://api.albert.health/profile/loadConnectedProfiles,2962,0,0
1606249788643,4199,profile-loadConnectedProfiles,200,,Thread Group 1-39,text,true,,1663,1117,100,100,http://api.albert.health/profile/loadConnectedProfiles,4199,0,0
1606249788618,4224,profile-loadConnectedProfiles,200,,Thread Group 1-40,text,true,,1663,1117,100,100,http://api.albert.health/profile/loadConnectedProfiles,4224,0,0
1606249788684,4158,profile-loadConnectedProfiles,200,,Thread Group 1-38,text,true,,1663,1117,100,100,http://api.albert.health/profile/loadConnectedProfiles,4158,0,0
1606249789959,2902,profile-loadConnectedProfiles,200,,Thread Group 1-49,text,true,,1663,1117,100,100,http://api.albert.health/profile/loadConnectedProfiles,2902,0,0
1606249789963,2912,profile-loadConnectedProfiles,200,,Thread Group 1-56,text,true,,1663,1117,100,100,http://api.albert.health/profile/loadConnectedProfiles,2912,0,0
1606249790016,2860,profile-loadConnectedProfiles,200,,Thread Group 1-53,text,true,,1663,1117,100,100,http://api.albert.health/profile/loadConnectedProfiles,2860,0,0
1606249789978,2898,profile-loadConnectedProfiles,200,,Thread Group 1-52,text,true,,1663,1117,100,100,http://api.albert.health/profile/loadConnectedProfiles,2898,0,0
1606249790054,2831,profile-loadConnectedProfiles,200,,Thread Group 1-58,text,true,,1663,1117,100,100,http://api.albert.health/profile/loadConnectedProfiles,2831,0,0
1606249789997,2888,profile-loadConnectedProfiles,200,,Thread Group 1-57,text,true,,1663,1117,100,100,http://api.albert.health/profile/loadConnectedProfiles,2888,0,0
1606249789950,2936,profile-loadConnectedProfiles,200,,Thread Group 1-50,text,true,,1663,1117,100,100,http://api.albert.health/profile/loadConnectedProfiles,2935,0,0
1606249789982,2904,profile-loadConnectedProfiles,200,,Thread Group 1-55,text,true,,1663,1117,100,100,http://api.albert.health/profile/loadConnectedProfiles,2904,0,0
1606249789914,2972,profile-loadConnectedProfiles,200,,Thread Group 1-42,text,true,,1663,1117,100,100,http://api.albert.health/profile/loadConnectedProfiles,2972,0,0
1606249789978,2908,profile-loadConnectedProfiles,200,,Thread Group 1-51,text,true,,1663,1117,100,100,http://api.albert.health/profile/loadConnectedProfiles,2908,0,0
1606249789952,2937,profile-loadConnectedProfiles,200,,Thread Group 1-48,text,true,,1663,1117,100,100,http://api.albert.health/profile/loadConnectedProfiles,2937,0,0
1606249791147,1747,profile-loadConnectedProfiles,200,,Thread Group 1-61,text,true,,1663,1117,100,100,http://api.albert.health/profile/loadConnectedProfiles,1747,0,0
1606249789950,2957,profile-loadConnectedProfiles,200,,Thread Group 1-54,text,true,,1663,1117,100,100,http://api.albert.health/profile/loadConnectedProfiles,2957,0,0
1606249792679,232,user-loadUser,200,,Thread Group 1-12,text,true,,2517,1101,100,100,http://api.albert.health/user/loadUser,232,0,0
1606249791270,1655,profile-loadConnectedProfiles,200,,Thread Group 1-72,text,true,,1663,1117,100,100,http://api.albert.health/profile/loadConnectedProfiles,1655,0,0
1606249791276,1656,profile-loadConnectedProfiles,200,,Thread Group 1-68,text,true,,1663,1117,100,100,http://api.albert.health/profile/loadConnectedProfiles,1655,0,0
1606249789951,2981,profile-loadConnectedProfiles,200,,Thread Group 1-45,text,true,,1663,1117,100,100,http://api.albert.health/profile/loadConnectedProfiles,2981,0,0
1606249791268,1664,profile-loadConnectedProfiles,200,,Thread Group 1-65,text,true,,1663,1117,100,100,http://api.albert.health/profile/loadConnectedProfiles,1664,0,0
1606249789920,3013,profile-loadConnectedProfiles,200,,Thread Group 1-46,text,true,,1663,1117,100,100,http://api.albert.health/profile/loadConnectedProfiles,3013,0,0
1606249791286,1650,profile-loadConnectedProfiles,200,,Thread Group 1-71,text,true,,1663,1117,100,100,http://api.albert.health/profile/loadConnectedProfiles,1650,0,0
1606249791200,1738,profile-loadConnectedProfiles,200,,Thread Group 1-64,text,true,,1663,1117,100,100,http://api.albert.health/profile/loadConnectedProfiles,1738,0,0
1606249791375,1563,profile-loadConnectedProfiles,200,,Thread Group 1-78,text,true,,1663,1117,100,100,http://api.albert.health/profile/loadConnectedProfiles,1563,0,0
1606249791205,1734,profile-loadConnectedProfiles,200,,Thread Group 1-66,text,true,,1663,1117,100,100,http://api.albert.health/profile/loadConnectedProfiles,1734,0,0
1606249791321,1618,profile-loadConnectedProfiles,200,,Thread Group 1-79,text,true,,1663,1117,100,100,http://api.albert.health/profile/loadConnectedProfiles,1618,0,0
1606249792585,360,profile-loadConnectedProfiles,200,,Thread Group 1-81,text,true,,1663,1117,100,100,http://api.albert.health/profile/loadConnectedProfiles,360,0,0
1606249790022,2934,profile-loadConnectedProfiles,200,,Thread Group 1-59,text,true,,1663,1117,100,100,http://api.albert.health/profile/loadConnectedProfiles,2934,0,0
1606249791219,1739,profile-loadConnectedProfiles,200,,Thread Group 1-67,text,true,,1663,1117,100,100,http://api.albert.health/profile/loadConnectedProfiles,1739,0,0
1606249789932,3029,profile-loadConnectedProfiles,200,,Thread Group 1-47,text,true,,1663,1117,100,100,http://api.albert.health/profile/loadConnectedProfiles,3029,0,0
1606249790077,2888,profile-loadConnectedProfiles,200,,Thread Group 1-60,text,true,,1663,1117,100,100,http://api.albert.health/profile/loadConnectedProfiles,2888,0,0
1606249792711,254,user-loadUser,200,,Thread Group 1-25,text,true,,2517,1101,100,100,http://api.albert.health/user/loadUser,254,0,0
1606249791268,1726,profile-loadConnectedProfiles,200,,Thread Group 1-69,text,true,,1663,1117,100,100,http://api.albert.health/profile/loadConnectedProfiles,1726,0,0
1606249791204,1790,profile-loadConnectedProfiles,200,,Thread Group 1-62,text,true,,1663,1117,100,100,http://api.albert.health/profile/loadConnectedProfiles,1790,0,0
1606249791179,1815,profile-loadConnectedProfiles,200,,Thread Group 1-63,text,true,,1663,1117,100,100,http://api.albert.health/profile/loadConnectedProfiles,1815,0,0
1606249792658,336,profile-loadConnectedProfiles,200,,Thread Group 1-88,text,true,,1663,1117,100,100,http://api.albert.health/profile/loadConnectedProfiles,336,0,0
1606249792876,118,user-loadUser,200,,Thread Group 1-56,text,true,,2517,1101,100,100,http://api.albert.health/user/loadUser,118,0,0
1606249792658,336,profile-loadConnectedProfiles,200,,Thread Group 1-89,text,true,,1663,1117,100,100,http://api.albert.health/profile/loadConnectedProfiles,336,0,0
1606249792599,396,profile-loadConnectedProfiles,200,,Thread Group 1-86,text,true,,1663,1117,100,100,http://api.albert.health/profile/loadConnectedProfiles,396,0,0
1606249788476,4519,profile-loadConnectedProfiles,200,,Thread Group 1-28,text,true,,1663,1117,100,100,http://api.albert.health/profile/loadConnectedProfiles,4519,0,0
1606249792667,330,profile-loadConnectedProfiles,200,,Thread Group 1-96,text,true,,1663,1117,100,100,http://api.albert.health/profile/loadConnectedProfiles,330,0,0
1606249791280,1732,profile-loadConnectedProfiles,200,,Thread Group 1-70,text,true,,1663,1117,100,100,http://api.albert.health/profile/loadConnectedProfiles,1732,0,0
1606249792640,372,profile-loadConnectedProfiles,200,,Thread Group 1-84,text,true,,1663,1117,100,100,http://api.albert.health/profile/loadConnectedProfiles,372,0,0
1606249791323,1689,profile-loadConnectedProfiles,200,,Thread Group 1-77,text,true,,1663,1117,100,100,http://api.albert.health/profile/loadConnectedProfiles,1689,0,0
1606249791388,1624,profile-loadConnectedProfiles,200,,Thread Group 1-80,text,true,,1663,1117,100,100,http://api.albert.health/profile/loadConnectedProfiles,1624,0,0
1606249791295,1717,profile-loadConnectedProfiles,200,,Thread Group 1-73,text,true,,1663,1117,100,100,http://api.albert.health/profile/loadConnectedProfiles,1717,0,0
1606249792694,318,profile-loadConnectedProfiles,200,,Thread Group 1-95,text,true,,1663,1117,100,100,http://api.albert.health/profile/loadConnectedProfiles,318,0,0
1606249791318,1694,profile-loadConnectedProfiles,200,,Thread Group 1-75,text,true,,1663,1117,100,100,http://api.albert.health/profile/loadConnectedProfiles,1694,0,0
1606249791269,1744,profile-loadConnectedProfiles,200,,Thread Group 1-74,text,true,,1663,1117,100,100,http://api.albert.health/profile/loadConnectedProfiles,1744,0,0
1606249792583,447,profile-loadConnectedProfiles,200,,Thread Group 1-82,text,true,,1663,1117,100,100,http://api.albert.health/profile/loadConnectedProfiles,447,0,0
1606249792594,443,profile-loadConnectedProfiles,200,,Thread Group 1-85,text,true,,1663,1117,100,100,http://api.albert.health/profile/loadConnectedProfiles,443,0,0
1606249792659,401,profile-loadConnectedProfiles,200,,Thread Group 1-91,text,true,,1663,1117,100,100,http://api.albert.health/profile/loadConnectedProfiles,401,0,0
1606249792639,421,profile-loadConnectedProfiles,200,,Thread Group 1-92,text,true,,1663,1117,100,100,http://api.albert.health/profile/loadConnectedProfiles,421,0,0
1606249792659,401,profile-loadConnectedProfiles,200,,Thread Group 1-90,text,true,,1663,1117,100,100,http://api.albert.health/profile/loadConnectedProfiles,401,0,0
1606249792668,410,profile-loadConnectedProfiles,200,,Thread Group 1-94,text,true,,1663,1117,100,100,http://api.albert.health/profile/loadConnectedProfiles,410,0,0
1606249792699,384,profile-loadConnectedProfiles,200,,Thread Group 1-87,text,true,,1663,1117,100,100,http://api.albert.health/profile/loadConnectedProfiles,384,0,0
1606249792698,390,profile-loadConnectedProfiles,200,,Thread Group 1-93,text,true,,1663,1117,100,100,http://api.albert.health/profile/loadConnectedProfiles,390,0,0
1606249788543,4584,profile-loadConnectedProfiles,200,,Thread Group 1-31,text,true,,1663,1117,100,100,http://api.albert.health/profile/loadConnectedProfiles,4584,0,0
1606249792889,405,user-loadUser,200,,Thread Group 1-48,text,true,,2517,1101,100,100,http://api.albert.health/user/loadUser,405,0,0
1606249792642,673,user-loadUser,200,,Thread Group 1-13,text,true,,2517,1101,100,100,http://api.albert.health/user/loadUser,673,0,0
1606249792724,618,user-loadUser,200,,Thread Group 1-15,text,true,,2517,1101,100,100,http://api.albert.health/user/loadUser,618,0,0
1606249792709,633,user-loadUser,200,,Thread Group 1-9,text,true,,2517,1101,100,100,http://api.albert.health/user/loadUser,633,0,0
1606249792715,627,user-loadUser,200,,Thread Group 1-10,text,true,,2517,1101,100,100,http://api.albert.health/user/loadUser,627,0,0
1606249792719,623,user-loadUser,200,,Thread Group 1-29,text,true,,2517,1101,100,100,http://api.albert.health/user/loadUser,623,0,0
1606249792756,589,user-loadUser,200,,Thread Group 1-24,text,true,,2517,1101,100,100,http://api.albert.health/user/loadUser,589,0,0
1606249792701,650,user-loadUser,200,,Thread Group 1-21,text,true,,2517,1101,100,100,http://api.albert.health/user/loadUser,650,0,0
1606249792717,638,user-loadUser,200,,Thread Group 1-16,text,true,,2517,1101,100,100,http://api.albert.health/user/loadUser,638,0,0
1606249792685,679,user-loadUser,200,,Thread Group 1-23,text,true,,2517,1101,100,100,http://api.albert.health/user/loadUser,679,0,0
1606249792788,576,profile-loadConnectedProfiles,200,,Thread Group 1-97,text,true,,1663,1117,100,100,http://api.albert.health/profile/loadConnectedProfiles,576,0,0
1606249792787,582,profile-loadConnectedProfiles,200,,Thread Group 1-99,text,true,,1663,1117,100,100,http://api.albert.health/profile/loadConnectedProfiles,582,0,0
1606249792697,688,user-loadUser,200,,Thread Group 1-7,text,true,,2517,1101,100,100,http://api.albert.health/user/loadUser,687,0,0
1606249792758,636,user-loadUser,200,,Thread Group 1-35,text,true,,2517,1101,100,100,http://api.albert.health/user/loadUser,636,0,0
1606249792711,702,user-loadUser,200,,Thread Group 1-11,text,true,,2517,1101,100,100,http://api.albert.health/user/loadUser,702,0,0
1606249792759,671,user-loadUser,200,,Thread Group 1-30,text,true,,2517,1101,100,100,http://api.albert.health/user/loadUser,671,0,0
1606249792724,713,user-loadUser,200,,Thread Group 1-18,text,true,,2517,1101,100,100,http://api.albert.health/user/loadUser,713,0,0
1606249792804,816,profile-loadConnectedProfiles,200,,Thread Group 1-98,text,true,,1663,1117,100,100,http://api.albert.health/profile/loadConnectedProfiles,816,0,0
1606249792768,884,user-loadUser,200,,Thread Group 1-19,text,true,,2517,1101,100,100,http://api.albert.health/user/loadUser,884,0,0
1606249792747,937,user-loadUser,200,,Thread Group 1-5,text,true,,2517,1101,100,100,http://api.albert.health/user/loadUser,937,0,0
1606249792752,933,user-loadUser,200,,Thread Group 1-22,text,true,,2517,1101,100,100,http://api.albert.health/user/loadUser,933,0,0
1606249792757,935,user-loadUser,200,,Thread Group 1-14,text,true,,2517,1101,100,100,http://api.albert.health/user/loadUser,935,0,0
1606249792805,887,user-loadUser,200,,Thread Group 1-8,text,true,,2517,1101,100,100,http://api.albert.health/user/loadUser,887,0,0
1606249792819,879,user-loadUser,200,,Thread Group 1-2,text,true,,2517,1101,100,100,http://api.albert.health/user/loadUser,878,0,0
1606249792819,894,user-loadUser,200,,Thread Group 1-43,text,true,,2517,1101,100,100,http://api.albert.health/user/loadUser,894,0,0
1606249792842,872,user-loadUser,200,,Thread Group 1-39,text,true,,2517,1101,100,100,http://api.albert.health/user/loadUser,872,0,0
1606249792758,966,user-loadUser,200,,Thread Group 1-3,text,true,,2517,1101,100,100,http://api.albert.health/user/loadUser,966,0,0
1606249792819,917,user-loadUser,200,,Thread Group 1-44,text,true,,2517,1101,100,100,http://api.albert.health/user/loadUser,917,0,0
1606249792754,982,user-loadUser,200,,Thread Group 1-1,text,true,,2517,1101,100,100,http://api.albert.health/user/loadUser,982,0,0
1606249791296,2444,profile-loadConnectedProfiles,200,,Thread Group 1-76,text,true,,1663,1117,100,100,http://api.albert.health/profile/loadConnectedProfiles,2444,0,0
1606249792819,921,profile-loadConnectedProfiles,200,,Thread Group 1-100,text,true,,1663,1117,100,100,http://api.albert.health/profile/loadConnectedProfiles,921,0,0
1606249793684,56,doctorInformation-getAll,200,,Thread Group 1-5,text,true,,25415,1112,100,100,http://api.albert.health/doctorInformation/getAll,34,0,0
1606249792830,916,user-loadUser,200,,Thread Group 1-33,text,true,,2517,1101,100,100,http://api.albert.health/user/loadUser,916,0,0
1606249792753,998,user-loadUser,200,,Thread Group 1-32,text,true,,2517,1101,100,100,http://api.albert.health/user/loadUser,998,0,0
1606249792545,1206,profile-loadConnectedProfiles,200,,Thread Group 1-83,text,true,,1663,1117,100,100,http://api.albert.health/profile/loadConnectedProfiles,1206,0,0
1606249792912,841,doctorInformation-getAll,200,,Thread Group 1-12,text,true,,25423,1112,100,100,http://api.albert.health/doctorInformation/getAll,816,0,0
1606249792757,1000,user-loadUser,200,,Thread Group 1-27,text,true,,2517,1101,100,100,http://api.albert.health/user/loadUser,1000,0,0
1606249792842,950,user-loadUser,200,,Thread Group 1-40,text,true,,2517,1101,100,100,http://api.albert.health/user/loadUser,950,0,0
1606249792774,1047,user-loadUser,200,,Thread Group 1-36,text,true,,2517,1101,100,100,http://api.albert.health/user/loadUser,1047,0,0
1606249792787,1209,user-loadUser,200,,Thread Group 1-37,text,true,,2517,1101,100,100,http://api.albert.health/user/loadUser,1209,0,0
1606249792842,1186,user-loadUser,200,,Thread Group 1-34,text,true,,2517,1101,100,100,http://api.albert.health/user/loadUser,1186,0,0
1606249792887,1147,user-loadUser,200,,Thread Group 1-42,text,true,,2517,1101,100,100,http://api.albert.health/user/loadUser,1147,0,0
1606249792876,1163,user-loadUser,200,,Thread Group 1-53,text,true,,2517,1101,100,100,http://api.albert.health/user/loadUser,1163,0,0
1606249792830,1237,user-loadUser,200,,Thread Group 1-26,text,true,,2517,1101,100,100,http://api.albert.health/user/loadUser,1237,0,0
1606249792933,1134,user-loadUser,200,,Thread Group 1-45,text,true,,2517,1101,100,100,http://api.albert.health/user/loadUser,1134,0,0
1606249792938,1130,user-loadUser,200,,Thread Group 1-64,text,true,,2517,1101,100,100,http://api.albert.health/user/loadUser,1130,0,0
1606249792894,1186,user-loadUser,200,,Thread Group 1-61,text,true,,2517,1101,100,100,http://api.albert.health/user/loadUser,1185,0,0
1606249792819,1262,user-loadUser,200,,Thread Group 1-20,text,true,,2517,1101,100,100,http://api.albert.health/user/loadUser,1261,0,0
1606249792819,1263,user-loadUser,200,,Thread Group 1-4,text,true,,2517,1101,100,100,http://api.albert.health/user/loadUser,1263,0,0
1606249792932,1150,user-loadUser,200,,Thread Group 1-68,text,true,,2517,1101,100,100,http://api.albert.health/user/loadUser,1150,0,0
1606249792876,1216,user-loadUser,200,,Thread Group 1-52,text,true,,2517,1101,100,100,http://api.albert.health/user/loadUser,1216,0,0
1606249792995,1104,doctorInformation-getAll,200,,Thread Group 1-56,text,true,,25423,1112,100,100,http://api.albert.health/doctorInformation/getAll,1079,0,0
1606249792861,1248,user-loadUser,200,,Thread Group 1-49,text,true,,2517,1101,100,100,http://api.albert.health/user/loadUser,1248,0,0
1606249792939,1172,user-loadUser,200,,Thread Group 1-79,text,true,,2517,1101,100,100,http://api.albert.health/user/loadUser,1172,0,0
1606249792937,1176,user-loadUser,200,,Thread Group 1-71,text,true,,2517,1101,100,100,http://api.albert.health/user/loadUser,1176,0,0
1606249792961,1202,user-loadUser,200,,Thread Group 1-47,text,true,,2517,1101,100,100,http://api.albert.health/user/loadUser,1202,0,0
1606249792833,1347,user-loadUser,200,,Thread Group 1-6,text,true,,2517,1101,100,100,http://api.albert.health/user/loadUser,1347,0,0
1606249792842,1373,user-loadUser,200,,Thread Group 1-38,text,true,,2517,1101,100,100,http://api.albert.health/user/loadUser,1373,0,0
1606249792759,1569,user-loadUser,200,,Thread Group 1-17,text,true,,2517,1101,100,100,http://api.albert.health/user/loadUser,1569,0,0
1606249792957,1396,user-loadUser,200,,Thread Group 1-59,text,true,,2517,1101,100,100,http://api.albert.health/user/loadUser,1395,0,0
1606249792966,1425,user-loadUser,200,,Thread Group 1-60,text,true,,2517,1101,100,100,http://api.albert.health/user/loadUser,1425,0,0
1606249792995,1403,user-loadUser,200,,Thread Group 1-89,text,true,,2517,1101,100,100,http://api.albert.health/user/loadUser,1403,0,0
1606249792996,1411,user-loadUser,200,,Thread Group 1-28,text,true,,2517,1101,100,100,http://api.albert.health/user/loadUser,1411,0,0
1606249792995,1412,user-loadUser,200,,Thread Group 1-63,text,true,,2517,1101,100,100,http://api.albert.health/user/loadUser,1412,0,0
1606249792842,1568,user-loadUser,200,,Thread Group 1-41,text,true,,2517,1101,100,100,http://api.albert.health/user/loadUser,1568,0,0
1606249793013,1426,user-loadUser,200,,Thread Group 1-95,text,true,,2517,1101,100,100,http://api.albert.health/user/loadUser,1426,0,0
1606249793316,1135,doctorInformation-getAll,200,,Thread Group 1-13,text,true,,25415,1112,100,100,http://api.albert.health/doctorInformation/getAll,1103,0,0
1606249793012,1443,user-loadUser,200,,Thread Group 1-84,text,true,,2517,1101,100,100,http://api.albert.health/user/loadUser,1443,0,0
1606249792886,1574,user-loadUser,200,,Thread Group 1-58,text,true,,2517,1101,100,100,http://api.albert.health/user/loadUser,1574,0,0
1606249792907,1553,user-loadUser,200,,Thread Group 1-54,text,true,,2517,1101,100,100,http://api.albert.health/user/loadUser,1553,0,0
1606249792887,1573,user-loadUser,200,,Thread Group 1-51,text,true,,2517,1101,100,100,http://api.albert.health/user/loadUser,1573,0,0
1606249792887,1573,user-loadUser,200,,Thread Group 1-55,text,true,,2517,1101,100,100,http://api.albert.health/user/loadUser,1573,0,0
1606249793343,1129,doctorInformation-getAll,200,,Thread Group 1-9,text,true,,25423,1112,100,100,http://api.albert.health/doctorInformation/getAll,1091,0,0
1606249793013,1461,user-loadUser,200,,Thread Group 1-75,text,true,,2517,1101,100,100,http://api.albert.health/user/loadUser,1461,0,0
1606249793343,1132,doctorInformation-getAll,200,,Thread Group 1-29,text,true,,25415,1112,100,100,http://api.albert.health/doctorInformation/getAll,1099,0,0
1606249793012,1465,user-loadUser,200,,Thread Group 1-80,text,true,,2517,1101,100,100,http://api.albert.health/user/loadUser,1465,0,0
1606249793394,1095,doctorInformation-getAll,200,,Thread Group 1-35,text,true,,25423,1112,100,100,http://api.albert.health/doctorInformation/getAll,1061,0,0
1606249793351,1139,doctorInformation-getAll,200,,Thread Group 1-21,text,true,,25415,1112,100,100,http://api.albert.health/doctorInformation/getAll,1098,0,0
1606249792966,1526,doctorInformation-getAll,200,,Thread Group 1-25,text,true,,25415,1112,100,100,http://api.albert.health/doctorInformation/getAll,1495,0,0
1606249793430,1066,doctorInformation-getAll,200,,Thread Group 1-30,text,true,,25415,1112,100,100,http://api.albert.health/doctorInformation/getAll,1040,0,0
1606249793031,1485,user-loadUser,200,,Thread Group 1-82,text,true,,2517,1101,100,100,http://api.albert.health/user/loadUser,1485,0,0
1606249792939,1605,user-loadUser,200,,Thread Group 1-66,text,true,,2517,1101,100,100,http://api.albert.health/user/loadUser,1605,0,0
1606249793692,854,doctorInformation-getAll,200,,Thread Group 1-8,text,true,,25423,1112,100,100,http://api.albert.health/doctorInformation/getAll,828,0,0
1606249793698,851,doctorInformation-getAll,200,,Thread Group 1-2,text,true,,25423,1112,100,100,http://api.albert.health/doctorInformation/getAll,827,0,0
1606249793714,841,doctorInformation-getAll,200,,Thread Group 1-39,text,true,,25415,1112,100,100,http://api.albert.health/doctorInformation/getAll,814,0,0
1606249793737,824,doctorInformation-getAll,200,,Thread Group 1-44,text,true,,25423,1112,100,100,http://api.albert.health/doctorInformation/getAll,795,0,0
1606249792886,1687,user-loadUser,200,,Thread Group 1-50,text,true,,2517,1101,100,100,http://api.albert.health/user/loadUser,1687,0,0
1606249792933,1719,user-loadUser,200,,Thread Group 1-65,text,true,,2517,1101,100,100,http://api.albert.health/user/loadUser,1719,0,0
1606249793061,1615,user-loadUser,200,,Thread Group 1-90,text,true,,2517,1101,100,100,http://api.albert.health/user/loadUser,1615,0,0
1606249793088,1604,user-loadUser,200,,Thread Group 1-93,text,true,,2517,1101,100,100,http://api.albert.health/user/loadUser,1604,0,0
1606249793746,970,doctorInformation-getAll,200,,Thread Group 1-33,text,true,,25423,1112,100,100,http://api.albert.health/doctorInformation/getAll,934,0,0
1606249793751,966,doctorInformation-getAll,200,,Thread Group 1-32,text,true,,25423,1112,100,100,http://api.albert.health/doctorInformation/getAll,934,0,0
1606249793792,926,doctorInformation-getAll,200,,Thread Group 1-40,text,true,,25415,1112,100,100,http://api.albert.health/doctorInformation/getAll,902,0,0
1606249793365,1362,user-loadUser,200,,Thread Group 1-97,text,true,,2517,1101,100,100,http://api.albert.health/user/loadUser,1362,0,0
1606249792958,1789,user-loadUser,200,,Thread Group 1-67,text,true,,2517,1101,100,100,http://api.albert.health/user/loadUser,1789,0,0
1606249792886,1888,user-loadUser,200,,Thread Group 1-57,text,true,,2517,1101,100,100,http://api.albert.health/user/loadUser,1888,0,0
1606249793127,1647,user-loadUser,200,,Thread Group 1-31,text,true,,2517,1101,100,100,http://api.albert.health/user/loadUser,1647,0,0
1606249794029,783,doctorInformation-getAll,200,,Thread Group 1-34,text,true,,25423,1112,100,100,http://api.albert.health/doctorInformation/getAll,718,0,0
1606249794039,779,doctorInformation-getAll,200,,Thread Group 1-53,text,true,,25423,1112,100,100,http://api.albert.health/doctorInformation/getAll,713,0,0
1606249794067,753,doctorInformation-getAll,200,,Thread Group 1-26,text,true,,25415,1112,100,100,http://api.albert.health/doctorInformation/getAll,689,0,0
1606249792933,1892,user-loadUser,200,,Thread Group 1-46,text,true,,2517,1101,100,100,http://api.albert.health/user/loadUser,1892,0,0
1606249793370,1455,user-loadUser,200,,Thread Group 1-99,text,true,,2517,1101,100,100,http://api.albert.health/user/loadUser,1455,0,0
1606249793061,1766,user-loadUser,200,,Thread Group 1-92,text,true,,2517,1101,100,100,http://api.albert.health/user/loadUser,1766,0,0
1606249792945,1899,user-loadUser,200,,Thread Group 1-81,text,true,,2517,1101,100,100,http://api.albert.health/user/loadUser,1899,0,0
1606249794093,765,doctorInformation-getAll,200,,Thread Group 1-52,text,true,,25423,1112,100,100,http://api.albert.health/doctorInformation/getAll,683,0,0
1606249794083,775,doctorInformation-getAll,200,,Thread Group 1-4,text,true,,25415,1112,100,100,http://api.albert.health/doctorInformation/getAll,693,0,0
1606249792938,1922,user-loadUser,200,,Thread Group 1-78,text,true,,2517,1101,100,100,http://api.albert.health/user/loadUser,1922,0,0
1606249794392,473,doctorInformation-getAll,200,,Thread Group 1-60,text,true,,25423,1112,100,100,http://api.albert.health/doctorInformation/getAll,397,0,0
1606249794109,759,doctorInformation-getAll,200,,Thread Group 1-49,text,true,,25415,1112,100,100,http://api.albert.health/doctorInformation/getAll,686,0,0
1606249792925,1943,user-loadUser,200,,Thread Group 1-72,text,true,,2517,1101,100,100,http://api.albert.health/user/loadUser,1943,0,0
1606249794329,543,doctorInformation-getAll,200,,Thread Group 1-17,text,true,,25423,1112,100,100,http://api.albert.health/doctorInformation/getAll,469,0,0
1606249794408,468,doctorInformation-getAll,200,,Thread Group 1-63,text,true,,25415,1112,100,100,http://api.albert.health/doctorInformation/getAll,400,0,0
1606249794460,426,doctorInformation-getAll,200,,Thread Group 1-58,text,true,,25415,1112,100,100,http://api.albert.health/doctorInformation/getAll,360,0,0
1606249794517,384,doctorInformation-getAll,200,,Thread Group 1-82,text,true,,25423,1112,100,100,http://api.albert.health/doctorInformation/getAll,318,0,0
1606249793740,1161,user-loadUser,200,,Thread Group 1-100,text,true,,2517,1101,100,100,http://api.albert.health/user/loadUser,1161,0,0
1606249794081,828,doctorInformation-getAll,200,,Thread Group 1-61,text,true,,25423,1112,100,100,http://api.albert.health/doctorInformation/getAll,683,0,0
1606249794111,808,doctorInformation-getAll,200,,Thread Group 1-79,text,true,,25423,1112,100,100,http://api.albert.health/doctorInformation/getAll,669,0,0
1606249792995,1924,user-loadUser,200,,Thread Group 1-62,text,true,,2517,1101,100,100,http://api.albert.health/user/loadUser,1924,0,0
1606249794181,739,doctorInformation-getAll,200,,Thread Group 1-6,text,true,,25423,1112,100,100,http://api.albert.health/doctorInformation/getAll,602,0,0
1606249794411,511,doctorInformation-getAll,200,,Thread Group 1-41,text,true,,25415,1112,100,100,http://api.albert.health/doctorInformation/getAll,391,0,0
1606249792995,1934,user-loadUser,200,,Thread Group 1-88,text,true,,2517,1101,100,100,http://api.albert.health/user/loadUser,1934,0,0
1606249794574,365,doctorInformation-getAll,200,,Thread Group 1-50,text,true,,25415,1112,100,100,http://api.albert.health/doctorInformation/getAll,327,0,0
1606249794460,482,doctorInformation-getAll,200,,Thread Group 1-54,text,true,,25423,1112,100,100,http://api.albert.health/doctorInformation/getAll,372,0,0
1606249794677,269,doctorInformation-getAll,200,,Thread Group 1-90,text,true,,25415,1112,100,100,http://api.albert.health/doctorInformation/getAll,231,0,0
1606249792995,1951,user-loadUser,200,,Thread Group 1-86,text,true,,2517,1101,100,100,http://api.albert.health/user/loadUser,1951,0,0
1606249794748,291,doctorInformation-getAll,200,,Thread Group 1-67,text,true,,25423,1112,100,100,http://api.albert.health/doctorInformation/getAll,232,0,0
1606249794825,244,doctorInformation-getAll,200,,Thread Group 1-99,text,true,,25415,1112,100,100,http://api.albert.health/doctorInformation/getAll,181,0,0
1606249792998,2072,user-loadUser,200,,Thread Group 1-96,text,true,,2517,1101,100,100,http://api.albert.health/user/loadUser,2071,0,0
1606249793012,2081,user-loadUser,200,,Thread Group 1-73,text,true,,2517,1101,100,100,http://api.albert.health/user/loadUser,2081,0,0
1606249792995,2147,user-loadUser,200,,Thread Group 1-69,text,true,,2517,1101,100,100,http://api.albert.health/user/loadUser,2147,0,0
1606249793013,2129,user-loadUser,200,,Thread Group 1-74,text,true,,2517,1101,100,100,http://api.albert.health/user/loadUser,2129,0,0
1606249793012,2132,user-loadUser,200,,Thread Group 1-70,text,true,,2517,1101,100,100,http://api.albert.health/user/loadUser,2132,0,0
1606249793012,2132,user-loadUser,200,,Thread Group 1-77,text,true,,2517,1101,100,100,http://api.albert.health/user/loadUser,2132,0,0
1606249794774,379,doctorInformation-getAll,200,,Thread Group 1-57,text,true,,25423,1112,100,100,http://api.albert.health/doctorInformation/getAll,210,0,0
1606249794827,381,doctorInformation-getAll,200,,Thread Group 1-92,text,true,,25423,1112,100,100,http://api.albert.health/doctorInformation/getAll,185,0,0
1606249793345,1891,doctorInformation-getAll,200,,Thread Group 1-24,text,true,,25423,1112,100,100,http://api.albert.health/doctorInformation/getAll,1735,0,0
1606249793343,1903,doctorInformation-getAll,200,,Thread Group 1-10,text,true,,25423,1112,100,100,http://api.albert.health/doctorInformation/getAll,1744,0,0
1606249794861,403,doctorInformation-getAll,200,,Thread Group 1-78,text,true,,25423,1112,100,100,http://api.albert.health/doctorInformation/getAll,155,0,0
1606249793365,1901,doctorInformation-getAll,200,,Thread Group 1-23,text,true,,25415,1112,100,100,http://api.albert.health/doctorInformation/getAll,1731,0,0
1606249793038,2243,user-loadUser,200,,Thread Group 1-85,text,true,,2517,1101,100,100,http://api.albert.health/user/loadUser,2243,0,0
1606249793652,1657,doctorInformation-getAll,200,,Thread Group 1-19,text,true,,25423,1112,100,100,http://api.albert.health/doctorInformation/getAll,1484,0,0
1606249793737,1581,doctorInformation-getAll,200,,Thread Group 1-1,text,true,,25415,1112,100,100,http://api.albert.health/doctorInformation/getAll,1407,0,0
1606249793294,2028,doctorInformation-getAll,200,,Thread Group 1-48,text,true,,25415,1112,100,100,http://api.albert.health/doctorInformation/getAll,1786,0,0
1606249793757,1601,doctorInformation-getAll,200,,Thread Group 1-27,text,true,,25423,1112,100,100,http://api.albert.health/doctorInformation/getAll,1428,0,0
1606249793822,1544,doctorInformation-getAll,200,,Thread Group 1-36,text,true,,25415,1112,100,100,http://api.albert.health/doctorInformation/getAll,1370,0,0
1606249793621,1762,user-loadUser,200,,Thread Group 1-98,text,true,,2517,1101,100,100,http://api.albert.health/user/loadUser,1762,0,0
1606249793061,2380,user-loadUser,200,,Thread Group 1-91,text,true,,2517,1101,100,100,http://api.albert.health/user/loadUser,2380,0,0
1606249793714,1756,doctorInformation-getAll,200,,Thread Group 1-43,text,true,,25415,1112,100,100,http://api.albert.health/doctorInformation/getAll,1436,0,0
1606249794929,591,doctorInformation-getAll,200,,Thread Group 1-88,text,true,,25415,1112,100,100,http://api.albert.health/doctorInformation/getAll,328,0,0
1606249793079,2441,user-loadUser,200,,Thread Group 1-94,text,true,,2517,1101,100,100,http://api.albert.health/user/loadUser,2441,0,0
1606249793997,1540,doctorInformation-getAll,200,,Thread Group 1-37,text,true,,25423,1112,100,100,http://api.albert.health/doctorInformation/getAll,1540,0,0
1606249794035,1513,doctorInformation-getAll,200,,Thread Group 1-42,text,true,,25423,1112,100,100,http://api.albert.health/doctorInformation/getAll,1166,0,0
1606249794083,1480,doctorInformation-getAll,200,,Thread Group 1-68,text,true,,25415,1112,100,100,http://api.albert.health/doctorInformation/getAll,1146,0,0
1606249793751,1817,user-loadUser,200,,Thread Group 1-83,text,true,,2517,1101,100,100,http://api.albert.health/user/loadUser,1817,0,0
1606249794919,665,doctorInformation-getAll,200,,Thread Group 1-62,text,true,,25422,1112,100,100,http://api.albert.health/doctorInformation/getAll,498,0,0
1606249794164,1434,doctorInformation-getAll,200,,Thread Group 1-47,text,true,,25423,1112,100,100,http://api.albert.health/doctorInformation/getAll,1117,0,0
1606249794544,1085,doctorInformation-getAll,200,,Thread Group 1-66,text,true,,25423,1112,100,100,http://api.albert.health/doctorInformation/getAll,1084,0,0
1606249794408,1247,doctorInformation-getAll,200,,Thread Group 1-28,text,true,,25423,1112,100,100,http://api.albert.health/doctorInformation/getAll,874,0,0
1606249794069,1656,doctorInformation-getAll,200,,Thread Group 1-64,text,true,,25423,1112,100,100,http://api.albert.health/doctorInformation/getAll,1142,0,0
1606249794399,1367,doctorInformation-getAll,200,,Thread Group 1-89,text,true,,25423,1112,100,100,http://api.albert.health/doctorInformation/getAll,883,0,0
1606249793385,2382,doctorInformation-getAll,200,,Thread Group 1-7,text,true,,25415,1112,100,100,http://api.albert.health/doctorInformation/getAll,2048,0,0
1606249794475,1304,doctorInformation-getAll,200,,Thread Group 1-75,text,true,,25423,1112,100,100,http://api.albert.health/doctorInformation/getAll,818,0,0
1606249795093,764,doctorInformation-getAll,200,,Thread Group 1-73,text,true,,25423,1112,100,100,http://api.albert.health/doctorInformation/getAll,265,0,0
1606249793692,2182,doctorInformation-getAll,200,,Thread Group 1-14,text,true,,25415,1112,100,100,http://api.albert.health/doctorInformation/getAll,1442,0,0
1606249794081,1812,doctorInformation-getAll,200,,Thread Group 1-20,text,true,,25423,1112,100,100,http://api.albert.health/doctorInformation/getAll,1141,0,0
1606249794068,1825,doctorInformation-getAll,200,,Thread Group 1-45,text,true,,25423,1112,100,100,http://api.albert.health/doctorInformation/getAll,1152,0,0
1606249794728,1176,doctorInformation-getAll,200,,Thread Group 1-97,text,true,,25423,1112,100,100,http://api.albert.health/doctorInformation/getAll,829,0,0
1606249795442,525,doctorInformation-getAll,200,,Thread Group 1-91,text,true,,25423,1112,100,100,http://api.albert.health/doctorInformation/getAll,164,0,0
1606249795143,827,doctorInformation-getAll,200,,Thread Group 1-69,text,true,,25423,1112,100,100,http://api.albert.health/doctorInformation/getAll,419,0,0
1606249794113,1888,doctorInformation-getAll,200,,Thread Group 1-71,text,true,,25423,1112,100,100,http://api.albert.health/doctorInformation/getAll,1155,0,0
1606249795143,886,doctorInformation-getAll,200,,Thread Group 1-74,text,true,,25423,1112,100,100,http://api.albert.health/doctorInformation/getAll,557,0,0
1606249794774,1273,doctorInformation-getAll,200,,Thread Group 1-31,text,true,,25423,1112,100,100,http://api.albert.health/doctorInformation/getAll,1136,0,0
1606249794868,1181,doctorInformation-getAll,200,,Thread Group 1-72,text,true,,25415,1112,100,100,http://api.albert.health/doctorInformation/getAll,530,0,0
1606249794439,1770,doctorInformation-getAll,200,,Thread Group 1-95,text,true,,25423,1112,100,100,http://api.albert.health/doctorInformation/getAll,844,0,0
1606249793725,2521,doctorInformation-getAll,200,,Thread Group 1-3,text,true,,25415,1112,100,100,http://api.albert.health/doctorInformation/getAll,1444,0,0
1606249794215,2044,doctorInformation-getAll,200,,Thread Group 1-38,text,true,,25423,1112,100,100,http://api.albert.health/doctorInformation/getAll,1595,0,0
1606249793437,2868,doctorInformation-getAll,200,,Thread Group 1-18,text,true,,25423,1112,100,100,http://api.albert.health/doctorInformation/getAll,1696,0,0
1606249795520,817,doctorInformation-getAll,200,,Thread Group 1-94,text,true,,25423,1112,100,100,http://api.albert.health/doctorInformation/getAll,321,0,0
1606249794353,2001,doctorInformation-getAll,200,,Thread Group 1-59,text,true,,25423,1112,100,100,http://api.albert.health/doctorInformation/getAll,1263,0,0
1606249793413,2943,doctorInformation-getAll,200,,Thread Group 1-11,text,true,,25415,1112,100,100,http://api.albert.health/doctorInformation/getAll,1703,0,0
1606249793740,2638,user-loadUser,200,,Thread Group 1-76,text,true,,2517,1101,100,100,http://api.albert.health/user/loadUser,2557,0,0
1606249794456,1923,doctorInformation-getAll,200,,Thread Group 1-84,text,true,,25423,1112,100,100,http://api.albert.health/doctorInformation/getAll,831,0,0
1606249793355,3067,doctorInformation-getAll,200,,Thread Group 1-16,text,true,,25423,1112,100,100,http://api.albert.health/doctorInformation/getAll,1744,0,0
1606249795144,1292,doctorInformation-getAll,200,,Thread Group 1-70,text,true,,25422,1112,100,100,http://api.albert.health/doctorInformation/getAll,1181,0,0
1606249794460,1980,doctorInformation-getAll,200,,Thread Group 1-55,text,true,,25423,1112,100,100,http://api.albert.health/doctorInformation/getAll,981,0,0
1606249794652,1806,doctorInformation-getAll,200,,Thread Group 1-65,text,true,,25408,1112,100,100,http://api.albert.health/doctorInformation/getAll,1180,0,0
1606249794901,1675,doctorInformation-getAll,200,,Thread Group 1-100,text,true,,25423,1112,100,100,http://api.albert.health/doctorInformation/getAll,673,0,0
1606249793343,3249,doctorInformation-getAll,200,,Thread Group 1-15,text,true,,25423,1112,100,100,http://api.albert.health/doctorInformation/getAll,1762,0,0
1606249795568,1038,doctorInformation-getAll,200,,Thread Group 1-83,text,true,,25423,1112,100,100,http://api.albert.health/doctorInformation/getAll,429,0,0
1606249793685,2967,doctorInformation-getAll,200,,Thread Group 1-22,text,true,,25415,1112,100,100,http://api.albert.health/doctorInformation/getAll,1448,0,0
1606249795282,1419,doctorInformation-getAll,200,,Thread Group 1-85,text,true,,25423,1112,100,100,http://api.albert.health/doctorInformation/getAll,715,0,0
1606249794460,2456,doctorInformation-getAll,200,,Thread Group 1-51,text,true,,25423,1112,100,100,http://api.albert.health/doctorInformation/getAll,1643,0,0
1606249795144,1779,doctorInformation-getAll,200,,Thread Group 1-77,text,true,,25422,1112,100,100,http://api.albert.health/doctorInformation/getAll,223,0,0
1606249795384,1739,doctorInformation-getAll,200,,Thread Group 1-98,text,true,,25415,1112,100,100,http://api.albert.health/doctorInformation/getAll,1483,0,0
1606249793083,4118,user-loadUser,200,,Thread Group 1-87,text,true,,2517,1101,100,100,http://api.albert.health/user/loadUser,4118,0,0
1606249794825,2611,doctorInformation-getAll,200,,Thread Group 1-46,text,true,,25415,1112,100,100,http://api.albert.health/doctorInformation/getAll,568,0,0
1606249794946,2553,doctorInformation-getAll,200,,Thread Group 1-86,text,true,,25423,1112,100,100,http://api.albert.health/doctorInformation/getAll,1050,0,0
1606249794477,3130,doctorInformation-getAll,200,,Thread Group 1-80,text,true,,25415,1112,100,100,http://api.albert.health/doctorInformation/getAll,2882,0,0
1606249795070,2563,doctorInformation-getAll,200,,Thread Group 1-96,text,true,,25423,1112,100,100,http://api.albert.health/doctorInformation/getAll,630,0,0
1606249796379,1298,doctorInformation-getAll,200,,Thread Group 1-76,text,true,,25423,1112,100,100,http://api.albert.health/doctorInformation/getAll,480,0,0
1606249794693,3310,doctorInformation-getAll,200,,Thread Group 1-93,text,true,,25423,1112,100,100,http://api.albert.health/doctorInformation/getAll,1096,0,0
1606249794844,3252,doctorInformation-getAll,200,,Thread Group 1-81,text,true,,25415,1112,100,100,http://api.albert.health/doctorInformation/getAll,1645,0,0
1606249797201,899,doctorInformation-getAll,200,,Thread Group 1-87,text,true,,25423,1112,100,100,http://api.albert.health/doctorInformation/getAll,526,0,0
1606249794472,9758,doctorAvailibility-get-uid,200,,Thread Group 1-9,text,true,,479159,1139,100,100,http://api.albert.health/doctorAvailability/get/aNpx0AgMlmgoYz5SWJBrSmIenOA3,567,0,0
1606249794868,13325,doctorAvailibility-get-uid,200,,Thread Group 1-49,text,true,,479214,1139,100,100,http://api.albert.health/doctorAvailability/get/aNpx0AgMlmgoYz5SWJBrSmIenOA3,751,0,0
1606249794489,13941,doctorAvailibility-get-uid,200,,Thread Group 1-35,text,true,,479199,1139,100,100,http://api.albert.health/doctorAvailability/get/aNpx0AgMlmgoYz5SWJBrSmIenOA3,507,0,0
1606249794946,14371,doctorAvailibility-get-uid,200,,Thread Group 1-90,text,true,,479206,1139,100,100,http://api.albert.health/doctorAvailability/get/aNpx0AgMlmgoYz5SWJBrSmIenOA3,867,0,0
1606249793754,15592,doctorAvailibility-get-uid,200,,Thread Group 1-12,text,true,,479199,1139,100,100,http://api.albert.health/doctorAvailability/get/aNpx0AgMlmgoYz5SWJBrSmIenOA3,1012,0,0
1606249795767,15443,doctorAvailibility-get-uid,200,,Thread Group 1-89,text,true,,479206,1139,100,100,http://api.albert.health/doctorAvailability/get/aNpx0AgMlmgoYz5SWJBrSmIenOA3,354,0,0
1606249795858,15608,doctorAvailibility-get-uid,200,,Thread Group 1-73,text,true,,479206,1139,100,100,http://api.albert.health/doctorAvailability/get/aNpx0AgMlmgoYz5SWJBrSmIenOA3,178,0,0
1606249794910,16625,doctorAvailibility-get-uid,200,,Thread Group 1-61,text,true,,479199,1139,100,100,http://api.albert.health/doctorAvailability/get/aNpx0AgMlmgoYz5SWJBrSmIenOA3,858,0,0
1606249794452,17084,doctorAvailibility-get-uid,200,,Thread Group 1-13,text,true,,479199,1139,100,100,http://api.albert.health/doctorAvailability/get/aNpx0AgMlmgoYz5SWJBrSmIenOA3,426,0,0
1606249797678,14684,doctorAvailibility-get-uid,200,,Thread Group 1-76,text,true,,479206,1139,100,100,http://api.albert.health/doctorAvailability/get/aNpx0AgMlmgoYz5SWJBrSmIenOA3,284,0,0
1606249804237,9124,appointment-getByDoctor-uid,200,,Thread Group 1-9,text,true,,221217,1140,100,100,http://api.albert.health/appointment/getByDoctor/aNpx0AgMlmgoYz5SWJBrSmIenOA3,299,0,0
1606249797608,15840,doctorAvailibility-get-uid,200,,Thread Group 1-80,text,true,,479206,1139,99,99,http://api.albert.health/doctorAvailability/get/aNpx0AgMlmgoYz5SWJBrSmIenOA3,543,0,0
1606249796210,17359,doctorAvailibility-get-uid,200,,Thread Group 1-95,text,true,,479206,1139,99,99,http://api.albert.health/doctorAvailability/get/aNpx0AgMlmgoYz5SWJBrSmIenOA3,534,0,0
1606249794492,19346,doctorAvailibility-get-uid,200,,Thread Group 1-25,text,true,,479206,1139,99,99,http://api.albert.health/doctorAvailability/get/aNpx0AgMlmgoYz5SWJBrSmIenOA3,644,0,0
1606249794556,19344,doctorAvailibility-get-uid,200,,Thread Group 1-39,text,true,,479222,1139,99,99,http://api.albert.health/doctorAvailability/get/aNpx0AgMlmgoYz5SWJBrSmIenOA3,373,0,0
1606249796357,17555,doctorAvailibility-get-uid,200,,Thread Group 1-11,text,true,,479206,1139,99,99,http://api.albert.health/doctorAvailability/get/aNpx0AgMlmgoYz5SWJBrSmIenOA3,237,0,0
1606249796246,17974,doctorAvailibility-get-uid,200,,Thread Group 1-3,text,true,,479198,1139,99,99,http://api.albert.health/doctorAvailability/get/aNpx0AgMlmgoYz5SWJBrSmIenOA3,659,0,0
1606249794496,19748,doctorAvailibility-get-uid,200,,Thread Group 1-30,text,true,,479206,1139,99,99,http://api.albert.health/doctorAvailability/get/aNpx0AgMlmgoYz5SWJBrSmIenOA3,1018,0,0
1606249796458,17891,doctorAvailibility-get-uid,200,,Thread Group 1-65,text,true,,479214,1139,99,99,http://api.albert.health/doctorAvailability/get/aNpx0AgMlmgoYz5SWJBrSmIenOA3,227,0,0
1606249794818,19640,doctorAvailibility-get-uid,200,,Thread Group 1-53,text,true,,479214,1139,99,99,http://api.albert.health/doctorAvailability/get/aNpx0AgMlmgoYz5SWJBrSmIenOA3,473,0,0
1606249794475,20083,doctorAvailibility-get-uid,200,,Thread Group 1-29,text,true,,479199,1139,99,99,http://api.albert.health/doctorAvailability/get/aNpx0AgMlmgoYz5SWJBrSmIenOA3,526,0,0
1606249796607,18034,doctorAvailibility-get-uid,200,,Thread Group 1-83,text,true,,479205,1139,99,99,http://api.albert.health/doctorAvailability/get/aNpx0AgMlmgoYz5SWJBrSmIenOA3,625,0,0
1606249794922,20036,doctorAvailibility-get-uid,200,,Thread Group 1-41,text,true,,479206,1139,99,99,http://api.albert.health/doctorAvailability/get/aNpx0AgMlmgoYz5SWJBrSmIenOA3,943,0,0
1606249794858,20429,doctorAvailibility-get-uid,200,,Thread Group 1-52,text,true,,479206,1139,99,99,http://api.albert.health/doctorAvailability/get/aNpx0AgMlmgoYz5SWJBrSmIenOA3,536,0,0
1606249795265,20549,doctorAvailibility-get-uid,200,,Thread Group 1-78,text,true,,479206,1139,99,99,http://api.albert.health/doctorAvailability/get/aNpx0AgMlmgoYz5SWJBrSmIenOA3,615,0,0
1606249794940,20906,doctorAvailibility-get-uid,200,,Thread Group 1-50,text,true,,479214,1139,99,99,http://api.albert.health/doctorAvailability/get/aNpx0AgMlmgoYz5SWJBrSmIenOA3,1195,0,0
1606249798003,18062,doctorAvailibility-get-uid,200,,Thread Group 1-93,text,true,,479206,1139,99,99,http://api.albert.health/doctorAvailability/get/aNpx0AgMlmgoYz5SWJBrSmIenOA3,300,0,0
1606249795359,20726,doctorAvailibility-get-uid,200,,Thread Group 1-27,text,true,,479206,1139,99,99,http://api.albert.health/doctorAvailability/get/aNpx0AgMlmgoYz5SWJBrSmIenOA3,651,0,0
1606249794943,21157,doctorAvailibility-get-uid,200,,Thread Group 1-54,text,true,,479214,1139,99,99,http://api.albert.health/doctorAvailability/get/aNpx0AgMlmgoYz5SWJBrSmIenOA3,434,0,0
1606249794100,22157,doctorAvailibility-get-uid,200,,Thread Group 1-56,text,true,,479206,1139,99,99,http://api.albert.health/doctorAvailability/get/aNpx0AgMlmgoYz5SWJBrSmIenOA3,1196,0,0
1606249794812,21495,doctorAvailibility-get-uid,200,,Thread Group 1-34,text,true,,479214,1139,99,99,http://api.albert.health/doctorAvailability/get/aNpx0AgMlmgoYz5SWJBrSmIenOA3,697,0,0
1606249796594,19820,doctorAvailibility-get-uid,200,,Thread Group 1-15,text,true,,479206,1139,99,99,http://api.albert.health/doctorAvailability/get/aNpx0AgMlmgoYz5SWJBrSmIenOA3,264,0,0
1606249796653,19770,doctorAvailibility-get-uid,200,,Thread Group 1-22,text,true,,479206,1139,99,99,http://api.albert.health/doctorAvailability/get/aNpx0AgMlmgoYz5SWJBrSmIenOA3,113,0,0
1606249808433,8038,appointment-getByDoctor-uid,200,,Thread Group 1-35,text,true,,221209,1140,99,99,http://api.albert.health/appointment/getByDoctor/aNpx0AgMlmgoYz5SWJBrSmIenOA3,220,0,0
1606249796440,20089,doctorAvailibility-get-uid,200,,Thread Group 1-55,text,true,,479198,1139,98,98,http://api.albert.health/doctorAvailability/get/aNpx0AgMlmgoYz5SWJBrSmIenOA3,124,0,0
1606249795318,21245,doctorAvailibility-get-uid,200,,Thread Group 1-1,text,true,,479206,1139,98,98,http://api.albert.health/doctorAvailability/get/aNpx0AgMlmgoYz5SWJBrSmIenOA3,683,0,0
1606249793741,22822,doctorAvailibility-get-uid,200,,Thread Group 1-5,text,true,,479206,1139,98,98,http://api.albert.health/doctorAvailability/get/aNpx0AgMlmgoYz5SWJBrSmIenOA3,1508,0,0
1606249795039,21573,doctorAvailibility-get-uid,200,,Thread Group 1-67,text,true,,479207,1139,98,98,http://api.albert.health/doctorAvailability/get/aNpx0AgMlmgoYz5SWJBrSmIenOA3,789,0,0
1606249794549,22106,doctorAvailibility-get-uid,200,,Thread Group 1-2,text,true,,479214,1139,98,98,http://api.albert.health/doctorAvailability/get/aNpx0AgMlmgoYz5SWJBrSmIenOA3,917,0,0
1606249797633,19034,doctorAvailibility-get-uid,200,,Thread Group 1-96,text,true,,479206,1139,98,98,http://api.albert.health/doctorAvailability/get/aNpx0AgMlmgoYz5SWJBrSmIenOA3,302,0,0
1606249795968,20713,doctorAvailibility-get-uid,200,,Thread Group 1-91,text,true,,479206,1139,98,98,http://api.albert.health/doctorAvailability/get/aNpx0AgMlmgoYz5SWJBrSmIenOA3,476,0,0
1606249796437,20250,doctorAvailibility-get-uid,200,,Thread Group 1-70,text,true,,479206,1139,98,98,http://api.albert.health/doctorAvailability/get/aNpx0AgMlmgoYz5SWJBrSmIenOA3,151,0,0
1606249795470,21245,doctorAvailibility-get-uid,200,,Thread Group 1-43,text,true,,479151,1139,98,98,http://api.albert.health/doctorAvailability/get/aNpx0AgMlmgoYz5SWJBrSmIenOA3,693,0,0
1606249795208,21522,doctorAvailibility-get-uid,200,,Thread Group 1-92,text,true,,479207,1139,98,98,http://api.albert.health/doctorAvailability/get/aNpx0AgMlmgoYz5SWJBrSmIenOA3,384,0,0
1606249794490,22253,doctorAvailibility-get-uid,200,,Thread Group 1-21,text,true,,479206,1139,98,98,http://api.albert.health/doctorAvailability/get/aNpx0AgMlmgoYz5SWJBrSmIenOA3,963,0,0
1606249808194,8590,appointment-getByDoctor-uid,200,,Thread Group 1-49,text,true,,221209,1140,98,98,http://api.albert.health/appointment/getByDoctor/aNpx0AgMlmgoYz5SWJBrSmIenOA3,799,0,0
1606249794546,22240,doctorAvailibility-get-uid,200,,Thread Group 1-8,text,true,,479207,1139,97,97,http://api.albert.health/doctorAvailability/get/aNpx0AgMlmgoYz5SWJBrSmIenOA3,368,0,0
1606249796029,20806,doctorAvailibility-get-uid,200,,Thread Group 1-74,text,true,,479206,1139,97,97,http://api.albert.health/doctorAvailability/get/aNpx0AgMlmgoYz5SWJBrSmIenOA3,171,0,0
1606249795779,21263,doctorAvailibility-get-uid,200,,Thread Group 1-75,text,true,,479222,1139,97,97,http://api.albert.health/doctorAvailability/get/aNpx0AgMlmgoYz5SWJBrSmIenOA3,305,0,0
1606249794562,22585,doctorAvailibility-get-uid,200,,Thread Group 1-44,text,true,,479206,1139,97,97,http://api.albert.health/doctorAvailability/get/aNpx0AgMlmgoYz5SWJBrSmIenOA3,1539,0,0
1606249794858,22422,doctorAvailibility-get-uid,200,,Thread Group 1-4,text,true,,479206,1139,97,97,http://api.albert.health/doctorAvailability/get/aNpx0AgMlmgoYz5SWJBrSmIenOA3,629,0,0
1606249794901,22533,doctorAvailibility-get-uid,200,,Thread Group 1-82,text,true,,479206,1139,97,97,http://api.albert.health/doctorAvailability/get/aNpx0AgMlmgoYz5SWJBrSmIenOA3,482,0,0
1606249795247,22194,doctorAvailibility-get-uid,200,,Thread Group 1-10,text,true,,479214,1139,97,97,http://api.albert.health/doctorAvailability/get/aNpx0AgMlmgoYz5SWJBrSmIenOA3,384,0,0
1606249794920,22719,doctorAvailibility-get-uid,200,,Thread Group 1-6,text,true,,479222,1139,97,97,http://api.albert.health/doctorAvailability/get/aNpx0AgMlmgoYz5SWJBrSmIenOA3,483,0,0
1606249796577,21078,doctorAvailibility-get-uid,200,,Thread Group 1-100,text,true,,479198,1139,97,97,http://api.albert.health/doctorAvailability/get/aNpx0AgMlmgoYz5SWJBrSmIenOA3,371,0,0
1606249811468,6312,appointment-getByDoctor-uid,200,,Thread Group 1-73,text,true,,221209,1140,97,97,http://api.albert.health/appointment/getByDoctor/aNpx0AgMlmgoYz5SWJBrSmIenOA3,744,0,0
1606249795584,22321,doctorAvailibility-get-uid,200,,Thread Group 1-62,text,true,,479206,1139,96,96,http://api.albert.health/doctorAvailability/get/aNpx0AgMlmgoYz5SWJBrSmIenOA3,759,0,0
1606249796002,21949,doctorAvailibility-get-uid,200,,Thread Group 1-71,text,true,,479159,1139,96,96,http://api.albert.health/doctorAvailability/get/aNpx0AgMlmgoYz5SWJBrSmIenOA3,227,0,0
1606249794877,23083,doctorAvailibility-get-uid,200,,Thread Group 1-63,text,true,,479214,1139,96,96,http://api.albert.health/doctorAvailability/get/aNpx0AgMlmgoYz5SWJBrSmIenOA3,1429,0,0
1606249811539,6433,appointment-getByDoctor-uid,200,,Thread Group 1-13,text,true,,221257,1140,96,96,http://api.albert.health/appointment/getByDoctor/aNpx0AgMlmgoYz5SWJBrSmIenOA3,601,0,0
1606249796306,21717,doctorAvailibility-get-uid,200,,Thread Group 1-18,text,true,,479198,1139,95,95,http://api.albert.health/doctorAvailability/get/aNpx0AgMlmgoYz5SWJBrSmIenOA3,268,0,0
1606249798100,19974,doctorAvailibility-get-uid,200,,Thread Group 1-87,text,true,,479198,1139,95,95,http://api.albert.health/doctorAvailability/get/aNpx0AgMlmgoYz5SWJBrSmIenOA3,219,0,0
1606249795655,22450,doctorAvailibility-get-uid,200,,Thread Group 1-28,text,true,,479206,1139,95,95,http://api.albert.health/doctorAvailability/get/aNpx0AgMlmgoYz5SWJBrSmIenOA3,423,0,0
1606249809349,8757,appointment-getByDoctor-uid,200,,Thread Group 1-12,text,true,,221273,1140,95,95,http://api.albert.health/appointment/getByDoctor/aNpx0AgMlmgoYz5SWJBrSmIenOA3,248,0,0
1606249794717,23629,doctorAvailibility-get-uid,200,,Thread Group 1-32,text,true,,479214,1139,94,94,http://api.albert.health/doctorAvailability/get/aNpx0AgMlmgoYz5SWJBrSmIenOA3,461,0,0
1606249809320,9048,appointment-getByDoctor-uid,200,,Thread Group 1-90,text,true,,221209,1140,94,94,http://api.albert.health/appointment/getByDoctor/aNpx0AgMlmgoYz5SWJBrSmIenOA3,556,0,0
1606249795520,23033,doctorAvailibility-get-uid,200,,Thread Group 1-88,text,true,,479151,1139,93,93,http://api.albert.health/doctorAvailability/get/aNpx0AgMlmgoYz5SWJBrSmIenOA3,534,0,0
1606249796379,22182,doctorAvailibility-get-uid,200,,Thread Group 1-84,text,true,,479198,1139,93,93,http://api.albert.health/doctorAvailability/get/aNpx0AgMlmgoYz5SWJBrSmIenOA3,268,0,0
1606249794820,23872,doctorAvailibility-get-uid,200,,Thread Group 1-26,text,true,,479213,1139,93,93,http://api.albert.health/doctorAvailability/get/aNpx0AgMlmgoYz5SWJBrSmIenOA3,701,0,0
1606249813901,4820,appointment-getByDoctor-uid,200,,Thread Group 1-39,text,true,,221209,1140,93,93,http://api.albert.health/appointment/getByDoctor/aNpx0AgMlmgoYz5SWJBrSmIenOA3,475,0,0
1606249795309,23448,doctorAvailibility-get-uid,200,,Thread Group 1-19,text,true,,479151,1139,92,92,http://api.albert.health/doctorAvailability/get/aNpx0AgMlmgoYz5SWJBrSmIenOA3,353,0,0
1606249796047,22717,doctorAvailibility-get-uid,200,,Thread Group 1-31,text,true,,479198,1139,92,92,http://api.albert.health/doctorAvailability/get/aNpx0AgMlmgoYz5SWJBrSmIenOA3,708,0,0
1606249795538,23241,doctorAvailibility-get-uid,200,,Thread Group 1-37,text,true,,479206,1139,92,92,http://api.albert.health/doctorAvailability/get/aNpx0AgMlmgoYz5SWJBrSmIenOA3,238,0,0
1606249811538,7269,appointment-getByDoctor-uid,200,,Thread Group 1-61,text,true,,221217,1140,92,92,http://api.albert.health/appointment/getByDoctor/aNpx0AgMlmgoYz5SWJBrSmIenOA3,549,0,0
1606249794873,23967,doctorAvailibility-get-uid,200,,Thread Group 1-17,text,true,,479213,1139,91,91,http://api.albert.health/doctorAvailability/get/aNpx0AgMlmgoYz5SWJBrSmIenOA3,970,0,0
1606249796338,22530,doctorAvailibility-get-uid,200,,Thread Group 1-94,text,true,,479206,1139,91,91,http://api.albert.health/doctorAvailability/get/aNpx0AgMlmgoYz5SWJBrSmIenOA3,136,0,0
1606249794717,24192,doctorAvailibility-get-uid,200,,Thread Group 1-33,text,true,,479214,1139,91,91,http://api.albert.health/doctorAvailability/get/aNpx0AgMlmgoYz5SWJBrSmIenOA3,491,0,0
1606249795070,23944,doctorAvailibility-get-uid,200,,Thread Group 1-99,text,true,,479206,1139,91,91,http://api.albert.health/doctorAvailability/get/aNpx0AgMlmgoYz5SWJBrSmIenOA3,480,0,0
1606249795367,23667,doctorAvailibility-get-uid,200,,Thread Group 1-36,text,true,,479206,1139,91,91,http://api.albert.health/doctorAvailability/get/aNpx0AgMlmgoYz5SWJBrSmIenOA3,295,0,0
1606249795725,23364,doctorAvailibility-get-uid,200,,Thread Group 1-64,text,true,,479214,1139,91,91,http://api.albert.health/doctorAvailability/get/aNpx0AgMlmgoYz5SWJBrSmIenOA3,326,0,0
1606249814221,4871,appointment-getByDoctor-uid,200,,Thread Group 1-3,text,true,,221217,1140,91,91,http://api.albert.health/appointment/getByDoctor/aNpx0AgMlmgoYz5SWJBrSmIenOA3,262,0,0
1606249813451,5742,appointment-getByDoctor-uid,200,,Thread Group 1-80,text,true,,221209,1140,90,90,http://api.albert.health/appointment/getByDoctor/aNpx0AgMlmgoYz5SWJBrSmIenOA3,383,0,0
1606249796917,22365,doctorAvailibility-get-uid,200,,Thread Group 1-51,text,true,,479198,1139,89,89,http://api.albert.health/doctorAvailability/get/aNpx0AgMlmgoYz5SWJBrSmIenOA3,154,0,0
1606249795768,23871,doctorAvailibility-get-uid,200,,Thread Group 1-7,text,true,,479206,1139,89,89,http://api.albert.health/doctorAvailability/get/aNpx0AgMlmgoYz5SWJBrSmIenOA3,700,0,0
1606249814960,4687,appointment-getByDoctor-uid,200,,Thread Group 1-41,text,true,,221209,1140,89,89,http://api.albert.health/appointment/getByDoctor/aNpx0AgMlmgoYz5SWJBrSmIenOA3,176,0,0
1606249797437,22408,doctorAvailibility-get-uid,200,,Thread Group 1-46,text,true,,479198,1139,88,88,http://api.albert.health/doctorAvailability/get/aNpx0AgMlmgoYz5SWJBrSmIenOA3,299,0,0
1606249798096,21799,doctorAvailibility-get-uid,200,,Thread Group 1-81,text,true,,479198,1139,88,88,http://api.albert.health/doctorAvailability/get/aNpx0AgMlmgoYz5SWJBrSmIenOA3,212,0,0
1606249813570,6336,appointment-getByDoctor-uid,200,,Thread Group 1-95,text,true,,221209,1140,88,88,http://api.albert.health/appointment/getByDoctor/aNpx0AgMlmgoYz5SWJBrSmIenOA3,692,0,0
1606249795894,24094,doctorAvailibility-get-uid,200,,Thread Group 1-45,text,true,,479206,1139,87,87,http://api.albert.health/doctorAvailability/get/aNpx0AgMlmgoYz5SWJBrSmIenOA3,360,0,0
1606249796050,23967,doctorAvailibility-get-uid,200,,Thread Group 1-72,text,true,,479206,1139,87,87,http://api.albert.health/doctorAvailability/get/aNpx0AgMlmgoYz5SWJBrSmIenOA3,173,0,0
1606249795874,24207,doctorAvailibility-get-uid,200,,Thread Group 1-14,text,true,,479222,1139,87,87,http://api.albert.health/doctorAvailability/get/aNpx0AgMlmgoYz5SWJBrSmIenOA3,284,0,0
1606249811212,8918,appointment-getByDoctor-uid,200,,Thread Group 1-89,text,true,,221209,1140,87,87,http://api.albert.health/appointment/getByDoctor/aNpx0AgMlmgoYz5SWJBrSmIenOA3,440,0,0
1606249795322,24917,doctorAvailibility-get-uid,200,,Thread Group 1-48,text,true,,479206,1139,86,86,http://api.albert.health/doctorAvailability/get/aNpx0AgMlmgoYz5SWJBrSmIenOA3,334,0,0
1606249796923,23356,doctorAvailibility-get-uid,200,,Thread Group 1-77,text,true,,479206,1139,86,86,http://api.albert.health/doctorAvailability/get/aNpx0AgMlmgoYz5SWJBrSmIenOA3,233,0,0
1606249795893,24409,doctorAvailibility-get-uid,200,,Thread Group 1-20,text,true,,479214,1139,86,86,http://api.albert.health/doctorAvailability/get/aNpx0AgMlmgoYz5SWJBrSmIenOA3,542,0,0
1606249795904,24438,doctorAvailibility-get-uid,200,,Thread Group 1-97,text,true,,479198,1139,86,86,http://api.albert.health/doctorAvailability/get/aNpx0AgMlmgoYz5SWJBrSmIenOA3,317,0,0
1606249796355,23987,doctorAvailibility-get-uid,200,,Thread Group 1-59,text,true,,479198,1139,86,86,http://api.albert.health/doctorAvailability/get/aNpx0AgMlmgoYz5SWJBrSmIenOA3,153,0,0
1606249796260,24140,doctorAvailibility-get-uid,200,,Thread Group 1-38,text,true,,479205,1139,86,86,http://api.albert.health/doctorAvailability/get/aNpx0AgMlmgoYz5SWJBrSmIenOA3,248,0,0
1606249795267,25372,doctorAvailibility-get-uid,200,,Thread Group 1-23,text,true,,479206,1139,86,86,http://api.albert.health/doctorAvailability/get/aNpx0AgMlmgoYz5SWJBrSmIenOA3,369,0,0
1606249797499,23467,doctorAvailibility-get-uid,200,,Thread Group 1-86,text,true,,479206,1139,86,86,http://api.albert.health/doctorAvailability/get/aNpx0AgMlmgoYz5SWJBrSmIenOA3,155,0,0
1606249813914,7079,appointment-getByDoctor-uid,200,,Thread Group 1-11,text,true,,221209,1140,86,86,http://api.albert.health/appointment/getByDoctor/aNpx0AgMlmgoYz5SWJBrSmIenOA3,769,0,0
1606249816257,4890,appointment-getByDoctor-uid,200,,Thread Group 1-56,text,true,,221209,1140,85,85,http://api.albert.health/appointment/getByDoctor/aNpx0AgMlmgoYz5SWJBrSmIenOA3,175,0,0
1606249816614,4589,appointment-getByDoctor-uid,200,,Thread Group 1-67,text,true,,221209,1140,84,84,http://api.albert.health/appointment/getByDoctor/aNpx0AgMlmgoYz5SWJBrSmIenOA3,412,0,0
1606249813839,7364,appointment-getByDoctor-uid,200,,Thread Group 1-25,text,true,,221209,1140,84,84,http://api.albert.health/appointment/getByDoctor/aNpx0AgMlmgoYz5SWJBrSmIenOA3,724,0,0
1606249815291,6027,appointment-getByDoctor-uid,200,,Thread Group 1-52,text,true,,221217,1140,82,82,http://api.albert.health/appointment/getByDoctor/aNpx0AgMlmgoYz5SWJBrSmIenOA3,310,0,0
1606249816425,5005,appointment-getByDoctor-uid,200,,Thread Group 1-22,text,true,,221217,1140,81,81,http://api.albert.health/appointment/getByDoctor/aNpx0AgMlmgoYz5SWJBrSmIenOA3,393,0,0
1606249814560,6886,appointment-getByDoctor-uid,200,,Thread Group 1-29,text,true,,221209,1140,80,80,http://api.albert.health/appointment/getByDoctor/aNpx0AgMlmgoYz5SWJBrSmIenOA3,427,0,0
1606249816744,4718,appointment-getByDoctor-uid,200,,Thread Group 1-21,text,true,,221217,1140,79,79,http://api.albert.health/appointment/getByDoctor/aNpx0AgMlmgoYz5SWJBrSmIenOA3,520,0,0
1606249816103,5421,appointment-getByDoctor-uid,200,,Thread Group 1-54,text,true,,221209,1140,78,78,http://api.albert.health/appointment/getByDoctor/aNpx0AgMlmgoYz5SWJBrSmIenOA3,752,0,0
1606249814642,6924,appointment-getByDoctor-uid,200,,Thread Group 1-83,text,true,,221217,1140,77,77,http://api.albert.health/appointment/getByDoctor/aNpx0AgMlmgoYz5SWJBrSmIenOA3,385,0,0
1606249816682,4965,appointment-getByDoctor-uid,200,,Thread Group 1-91,text,true,,221209,1140,76,76,http://api.albert.health/appointment/getByDoctor/aNpx0AgMlmgoYz5SWJBrSmIenOA3,384,0,0
1606249814350,7299,appointment-getByDoctor-uid,200,,Thread Group 1-65,text,true,,221217,1140,75,75,http://api.albert.health/appointment/getByDoctor/aNpx0AgMlmgoYz5SWJBrSmIenOA3,575,0,0
1606249816836,4818,appointment-getByDoctor-uid,200,,Thread Group 1-74,text,true,,221209,1140,74,74,http://api.albert.health/appointment/getByDoctor/aNpx0AgMlmgoYz5SWJBrSmIenOA3,329,0,0
1606249814459,7241,appointment-getByDoctor-uid,200,,Thread Group 1-53,text,true,,221209,1140,73,73,http://api.albert.health/appointment/getByDoctor/aNpx0AgMlmgoYz5SWJBrSmIenOA3,311,0,0
1606249816068,5682,appointment-getByDoctor-uid,200,,Thread Group 1-93,text,true,,221209,1140,72,72,http://api.albert.health/appointment/getByDoctor/aNpx0AgMlmgoYz5SWJBrSmIenOA3,355,0,0
1606249796702,25115,doctorAvailibility-get-uid,200,,Thread Group 1-85,text,true,,479206,1139,71,71,http://api.albert.health/doctorAvailability/get/aNpx0AgMlmgoYz5SWJBrSmIenOA3,205,0,0
1606249816566,5350,appointment-getByDoctor-uid,200,,Thread Group 1-1,text,true,,221209,1140,71,71,http://api.albert.health/appointment/getByDoctor/aNpx0AgMlmgoYz5SWJBrSmIenOA3,257,0,0
1606249795154,26814,doctorAvailibility-get-uid,200,,Thread Group 1-57,text,true,,479206,1139,70,70,http://api.albert.health/doctorAvailability/get/aNpx0AgMlmgoYz5SWJBrSmIenOA3,1361,0,0
1606249815817,6300,appointment-getByDoctor-uid,200,,Thread Group 1-78,text,true,,221209,1140,70,70,http://api.albert.health/appointment/getByDoctor/aNpx0AgMlmgoYz5SWJBrSmIenOA3,200,0,0
1606249816656,5506,appointment-getByDoctor-uid,200,,Thread Group 1-2,text,true,,221209,1140,69,69,http://api.albert.health/appointment/getByDoctor/aNpx0AgMlmgoYz5SWJBrSmIenOA3,392,0,0
1606249818562,3604,appointment-getByDoctor-uid,200,,Thread Group 1-84,text,true,,221209,1140,68,68,http://api.albert.health/appointment/getByDoctor/aNpx0AgMlmgoYz5SWJBrSmIenOA3,298,0,0
1606249795237,27003,doctorAvailibility-get-uid,200,,Thread Group 1-24,text,true,,479214,1139,67,67,http://api.albert.health/doctorAvailability/get/aNpx0AgMlmgoYz5SWJBrSmIenOA3,627,0,0
1606249794718,27708,doctorAvailibility-get-uid,200,,Thread Group 1-40,text,true,,479206,1139,67,67,http://api.albert.health/doctorAvailability/get/aNpx0AgMlmgoYz5SWJBrSmIenOA3,833,0,0
1606249816088,6409,appointment-getByDoctor-uid,200,,Thread Group 1-27,text,true,,221209,1140,67,67,http://api.albert.health/appointment/getByDoctor/aNpx0AgMlmgoYz5SWJBrSmIenOA3,616,0,0
1606249816787,5751,appointment-getByDoctor-uid,200,,Thread Group 1-8,text,true,,221209,1140,66,66,http://api.albert.health/appointment/getByDoctor/aNpx0AgMlmgoYz5SWJBrSmIenOA3,317,0,0
1606249817281,5325,appointment-getByDoctor-uid,200,,Thread Group 1-4,text,true,,221209,1140,65,65,http://api.albert.health/appointment/getByDoctor/aNpx0AgMlmgoYz5SWJBrSmIenOA3,380,0,0
1606249815847,6778,appointment-getByDoctor-uid,200,,Thread Group 1-50,text,true,,221217,1140,64,64,http://api.albert.health/appointment/getByDoctor/aNpx0AgMlmgoYz5SWJBrSmIenOA3,452,0,0
1606249816531,6098,appointment-getByDoctor-uid,200,,Thread Group 1-55,text,true,,221209,1140,63,63,http://api.albert.health/appointment/getByDoctor/aNpx0AgMlmgoYz5SWJBrSmIenOA3,335,0,0
1606249816730,5906,appointment-getByDoctor-uid,200,,Thread Group 1-92,text,true,,221217,1140,62,62,http://api.albert.health/appointment/getByDoctor/aNpx0AgMlmgoYz5SWJBrSmIenOA3,413,0,0
1606249817657,5033,appointment-getByDoctor-uid,200,,Thread Group 1-100,text,true,,221209,1140,61,61,http://api.albert.health/appointment/getByDoctor/aNpx0AgMlmgoYz5SWJBrSmIenOA3,317,0,0
1606249795629,27067,doctorAvailibility-get-uid,200,,Thread Group 1-66,text,true,,479214,1139,60,60,http://api.albert.health/doctorAvailability/get/aNpx0AgMlmgoYz5SWJBrSmIenOA3,397,0,0
1606249818759,3947,appointment-getByDoctor-uid,200,,Thread Group 1-19,text,true,,221209,1140,60,60,http://api.albert.health/appointment/getByDoctor/aNpx0AgMlmgoYz5SWJBrSmIenOA3,350,0,0
1606249816668,6087,appointment-getByDoctor-uid,200,,Thread Group 1-96,text,true,,221217,1140,59,59,http://api.albert.health/appointment/getByDoctor/aNpx0AgMlmgoYz5SWJBrSmIenOA3,435,0,0
1606249820017,2838,appointment-getByDoctor-uid,200,,Thread Group 1-72,text,true,,221209,1140,58,58,http://api.albert.health/appointment/getByDoctor/aNpx0AgMlmgoYz5SWJBrSmIenOA3,203,0,0
1606249817641,5340,appointment-getByDoctor-uid,200,,Thread Group 1-6,text,true,,221209,1140,57,57,http://api.albert.health/appointment/getByDoctor/aNpx0AgMlmgoYz5SWJBrSmIenOA3,320,0,0
1606249818024,4982,appointment-getByDoctor-uid,200,,Thread Group 1-18,text,true,,221209,1140,56,56,http://api.albert.health/appointment/getByDoctor/aNpx0AgMlmgoYz5SWJBrSmIenOA3,202,0,0
1606249817963,5112,appointment-getByDoctor-uid,200,,Thread Group 1-63,text,true,,221209,1140,55,55,http://api.albert.health/appointment/getByDoctor/aNpx0AgMlmgoYz5SWJBrSmIenOA3,192,0,0
1606249817908,5229,appointment-getByDoctor-uid,200,,Thread Group 1-62,text,true,,221209,1140,54,54,http://api.albert.health/appointment/getByDoctor/aNpx0AgMlmgoYz5SWJBrSmIenOA3,304,0,0
1606249819846,3302,appointment-getByDoctor-uid,200,,Thread Group 1-46,text,true,,221217,1140,53,53,http://api.albert.health/appointment/getByDoctor/aNpx0AgMlmgoYz5SWJBrSmIenOA3,327,0,0
1606249816308,6865,appointment-getByDoctor-uid,200,,Thread Group 1-34,text,true,,221209,1140,52,52,http://api.albert.health/appointment/getByDoctor/aNpx0AgMlmgoYz5SWJBrSmIenOA3,291,0,0
1606249818841,4343,appointment-getByDoctor-uid,200,,Thread Group 1-17,text,true,,221209,1140,51,51,http://api.albert.health/appointment/getByDoctor/aNpx0AgMlmgoYz5SWJBrSmIenOA3,324,0,0
1606249814245,8981,appointment-getByDoctor-uid,200,,Thread Group 1-30,text,true,,221209,1140,50,50,http://api.albert.health/appointment/getByDoctor/aNpx0AgMlmgoYz5SWJBrSmIenOA3,296,0,0
1606249817148,6090,appointment-getByDoctor-uid,200,,Thread Group 1-44,text,true,,221209,1140,49,49,http://api.albert.health/appointment/getByDoctor/aNpx0AgMlmgoYz5SWJBrSmIenOA3,409,0,0
1606249817954,5323,appointment-getByDoctor-uid,200,,Thread Group 1-71,text,true,,221225,1140,48,48,http://api.albert.health/appointment/getByDoctor/aNpx0AgMlmgoYz5SWJBrSmIenOA3,413,0,0
1606249817436,5870,appointment-getByDoctor-uid,200,,Thread Group 1-82,text,true,,221217,1140,47,47,http://api.albert.health/appointment/getByDoctor/aNpx0AgMlmgoYz5SWJBrSmIenOA3,527,0,0
1606249816715,6611,appointment-getByDoctor-uid,200,,Thread Group 1-43,text,true,,221217,1140,46,46,http://api.albert.health/appointment/getByDoctor/aNpx0AgMlmgoYz5SWJBrSmIenOA3,453,0,0
1606249816566,6770,appointment-getByDoctor-uid,200,,Thread Group 1-5,text,true,,221209,1140,45,45,http://api.albert.health/appointment/getByDoctor/aNpx0AgMlmgoYz5SWJBrSmIenOA3,417,0,0
1606249819895,3535,appointment-getByDoctor-uid,200,,Thread Group 1-81,text,true,,221209,1140,44,44,http://api.albert.health/appointment/getByDoctor/aNpx0AgMlmgoYz5SWJBrSmIenOA3,433,0,0
1606249818910,4550,appointment-getByDoctor-uid,200,,Thread Group 1-33,text,true,,221209,1140,43,43,http://api.albert.health/appointment/getByDoctor/aNpx0AgMlmgoYz5SWJBrSmIenOA3,314,0,0
1606249816688,6841,appointment-getByDoctor-uid,200,,Thread Group 1-70,text,true,,221233,1140,42,42,http://api.albert.health/appointment/getByDoctor/aNpx0AgMlmgoYz5SWJBrSmIenOA3,260,0,0
1606249794865,28671,doctorAvailibility-get-uid,200,,Thread Group 1-60,text,true,,479199,1139,41,41,http://api.albert.health/doctorAvailability/get/aNpx0AgMlmgoYz5SWJBrSmIenOA3,801,0,0
1606249818346,5208,appointment-getByDoctor-uid,200,,Thread Group 1-32,text,true,,221209,1140,41,41,http://api.albert.health/appointment/getByDoctor/aNpx0AgMlmgoYz5SWJBrSmIenOA3,544,0,0
1606249820967,2620,appointment-getByDoctor-uid,200,,Thread Group 1-86,text,true,,221209,1140,40,40,http://api.albert.health/appointment/getByDoctor/aNpx0AgMlmgoYz5SWJBrSmIenOA3,308,0,0
1606249818076,5543,appointment-getByDoctor-uid,200,,Thread Group 1-87,text,true,,221209,1140,39,39,http://api.albert.health/appointment/getByDoctor/aNpx0AgMlmgoYz5SWJBrSmIenOA3,194,0,0
1606249820082,3614,appointment-getByDoctor-uid,200,,Thread Group 1-14,text,true,,221209,1140,38,38,http://api.albert.health/appointment/getByDoctor/aNpx0AgMlmgoYz5SWJBrSmIenOA3,314,0,0
1606249817442,6300,appointment-getByDoctor-uid,200,,Thread Group 1-10,text,true,,221209,1140,37,37,http://api.albert.health/appointment/getByDoctor/aNpx0AgMlmgoYz5SWJBrSmIenOA3,381,0,0
1606249818555,5222,appointment-getByDoctor-uid,200,,Thread Group 1-88,text,true,,221209,1140,36,36,http://api.albert.health/appointment/getByDoctor/aNpx0AgMlmgoYz5SWJBrSmIenOA3,280,0,0
1606249819284,4493,appointment-getByDoctor-uid,200,,Thread Group 1-51,text,true,,221217,1140,36,36,http://api.albert.health/appointment/getByDoctor/aNpx0AgMlmgoYz5SWJBrSmIenOA3,398,0,0
1606249819014,4776,appointment-getByDoctor-uid,200,,Thread Group 1-99,text,true,,221217,1140,34,34,http://api.albert.health/appointment/getByDoctor/aNpx0AgMlmgoYz5SWJBrSmIenOA3,388,0,0
1606249818765,5025,appointment-getByDoctor-uid,200,,Thread Group 1-31,text,true,,221209,1140,34,34,http://api.albert.health/appointment/getByDoctor/aNpx0AgMlmgoYz5SWJBrSmIenOA3,364,0,0
1606249816415,7409,appointment-getByDoctor-uid,200,,Thread Group 1-15,text,true,,221209,1140,32,32,http://api.albert.health/appointment/getByDoctor/aNpx0AgMlmgoYz5SWJBrSmIenOA3,346,0,0
1606249818693,5138,appointment-getByDoctor-uid,200,,Thread Group 1-26,text,true,,221217,1140,31,31,http://api.albert.health/appointment/getByDoctor/aNpx0AgMlmgoYz5SWJBrSmIenOA3,700,0,0
1606249819640,4239,appointment-getByDoctor-uid,200,,Thread Group 1-7,text,true,,221217,1140,30,30,http://api.albert.health/appointment/getByDoctor/aNpx0AgMlmgoYz5SWJBrSmIenOA3,266,0,0
1606249819089,4790,appointment-getByDoctor-uid,200,,Thread Group 1-64,text,true,,221209,1140,30,30,http://api.albert.health/appointment/getByDoctor/aNpx0AgMlmgoYz5SWJBrSmIenOA3,385,0,0
1606249817043,6842,appointment-getByDoctor-uid,200,,Thread Group 1-75,text,true,,221209,1140,28,28,http://api.albert.health/appointment/getByDoctor/aNpx0AgMlmgoYz5SWJBrSmIenOA3,780,0,0
1606249794886,28999,doctorAvailibility-get-uid,200,,Thread Group 1-58,text,true,,479206,1139,28,28,http://api.albert.health/doctorAvailability/get/aNpx0AgMlmgoYz5SWJBrSmIenOA3,1488,0,0
1606249818780,5123,appointment-getByDoctor-uid,200,,Thread Group 1-37,text,true,,221209,1140,27,27,http://api.albert.health/appointment/getByDoctor/aNpx0AgMlmgoYz5SWJBrSmIenOA3,414,0,0
1606249818869,5058,appointment-getByDoctor-uid,200,,Thread Group 1-94,text,true,,221217,1140,26,26,http://api.albert.health/appointment/getByDoctor/aNpx0AgMlmgoYz5SWJBrSmIenOA3,347,0,0
1606249819035,4892,appointment-getByDoctor-uid,200,,Thread Group 1-36,text,true,,221217,1140,26,26,http://api.albert.health/appointment/getByDoctor/aNpx0AgMlmgoYz5SWJBrSmIenOA3,368,0,0
1606249820342,3595,appointment-getByDoctor-uid,200,,Thread Group 1-97,text,true,,221217,1140,24,24,http://api.albert.health/appointment/getByDoctor/aNpx0AgMlmgoYz5SWJBrSmIenOA3,354,0,0
1606249820280,3678,appointment-getByDoctor-uid,200,,Thread Group 1-77,text,true,,221209,1140,23,23,http://api.albert.health/appointment/getByDoctor/aNpx0AgMlmgoYz5SWJBrSmIenOA3,289,0,0
1606249820640,3370,appointment-getByDoctor-uid,200,,Thread Group 1-23,text,true,,221209,1140,22,22,http://api.albert.health/appointment/getByDoctor/aNpx0AgMlmgoYz5SWJBrSmIenOA3,264,0,0
1606249820240,3813,appointment-getByDoctor-uid,200,,Thread Group 1-48,text,true,,221225,1140,21,21,http://api.albert.health/appointment/getByDoctor/aNpx0AgMlmgoYz5SWJBrSmIenOA3,255,0,0
1606249795564,28553,doctorAvailibility-get-uid,200,,Thread Group 1-68,text,true,,479151,1139,20,20,http://api.albert.health/doctorAvailability/get/aNpx0AgMlmgoYz5SWJBrSmIenOA3,262,0,0
1606249821818,2323,appointment-getByDoctor-uid,200,,Thread Group 1-85,text,true,,221225,1140,20,20,http://api.albert.health/appointment/getByDoctor/aNpx0AgMlmgoYz5SWJBrSmIenOA3,254,0,0
1606249812364,11784,appointment-getByDoctor-uid,200,,Thread Group 1-76,text,true,,221209,1140,19,19,http://api.albert.health/appointment/getByDoctor/aNpx0AgMlmgoYz5SWJBrSmIenOA3,745,0,0
1606249820343,3865,appointment-getByDoctor-uid,200,,Thread Group 1-59,text,true,,221209,1140,18,18,http://api.albert.health/appointment/getByDoctor/aNpx0AgMlmgoYz5SWJBrSmIenOA3,525,0,0
1606249820303,3915,appointment-getByDoctor-uid,200,,Thread Group 1-20,text,true,,221209,1140,17,17,http://api.albert.health/appointment/getByDoctor/aNpx0AgMlmgoYz5SWJBrSmIenOA3,835,0,0
1606249821970,2272,appointment-getByDoctor-uid,200,,Thread Group 1-57,text,true,,221241,1140,16,16,http://api.albert.health/appointment/getByDoctor/aNpx0AgMlmgoYz5SWJBrSmIenOA3,289,0,0
1606249822697,1551,appointment-getByDoctor-uid,200,,Thread Group 1-66,text,true,,221209,1140,15,15,http://api.albert.health/appointment/getByDoctor/aNpx0AgMlmgoYz5SWJBrSmIenOA3,284,0,0
1606249820400,3851,appointment-getByDoctor-uid,200,,Thread Group 1-38,text,true,,221217,1140,14,14,http://api.albert.health/appointment/getByDoctor/aNpx0AgMlmgoYz5SWJBrSmIenOA3,274,0,0
1606249819989,4283,appointment-getByDoctor-uid,200,,Thread Group 1-45,text,true,,221217,1140,13,13,http://api.albert.health/appointment/getByDoctor/aNpx0AgMlmgoYz5SWJBrSmIenOA3,440,0,0
1606249822241,2038,appointment-getByDoctor-uid,200,,Thread Group 1-24,text,true,,221209,1140,12,12,http://api.albert.health/appointment/getByDoctor/aNpx0AgMlmgoYz5SWJBrSmIenOA3,245,0,0
1606249818119,6163,appointment-getByDoctor-uid,200,,Thread Group 1-28,text,true,,221217,1140,11,11,http://api.albert.health/appointment/getByDoctor/aNpx0AgMlmgoYz5SWJBrSmIenOA3,277,0,0
1606249822426,1950,appointment-getByDoctor-uid,200,,Thread Group 1-40,text,true,,221209,1140,10,10,http://api.albert.health/appointment/getByDoctor/aNpx0AgMlmgoYz5SWJBrSmIenOA3,296,0,0
1606249795548,28971,doctorAvailibility-get-uid,200,,Thread Group 1-42,text,true,,479199,1139,9,9,http://api.albert.health/doctorAvailability/get/aNpx0AgMlmgoYz5SWJBrSmIenOA3,449,0,0
1606249823886,674,appointment-getByDoctor-uid,200,,Thread Group 1-58,text,true,,221217,1140,9,9,http://api.albert.health/appointment/getByDoctor/aNpx0AgMlmgoYz5SWJBrSmIenOA3,155,0,0
1606249823537,1124,appointment-getByDoctor-uid,200,,Thread Group 1-60,text,true,,221257,1140,8,8,http://api.albert.health/appointment/getByDoctor/aNpx0AgMlmgoYz5SWJBrSmIenOA3,179,0,0
1606249794919,29749,doctorAvailibility-get-uid,200,,Thread Group 1-79,text,true,,479214,1139,7,7,http://api.albert.health/doctorAvailability/get/aNpx0AgMlmgoYz5SWJBrSmIenOA3,1346,0,0
1606249797124,27574,doctorAvailibility-get-uid,200,,Thread Group 1-98,text,true,,479198,1139,7,7,http://api.albert.health/doctorAvailability/get/aNpx0AgMlmgoYz5SWJBrSmIenOA3,663,0,0
1606249795971,28739,doctorAvailibility-get-uid,200,,Thread Group 1-69,text,true,,479206,1139,7,7,http://api.albert.health/doctorAvailability/get/aNpx0AgMlmgoYz5SWJBrSmIenOA3,158,0,0
1606249824118,706,appointment-getByDoctor-uid,200,,Thread Group 1-68,text,true,,221209,1140,7,7,http://api.albert.health/appointment/getByDoctor/aNpx0AgMlmgoYz5SWJBrSmIenOA3,155,0,0
1606249824699,278,appointment-getByDoctor-uid,200,,Thread Group 1-98,text,true,,221265,1140,6,6,http://api.albert.health/appointment/getByDoctor/aNpx0AgMlmgoYz5SWJBrSmIenOA3,147,0,0
1606249795598,29393,doctorAvailibility-get-uid,200,,Thread Group 1-47,text,true,,479221,1139,5,5,http://api.albert.health/doctorAvailability/get/aNpx0AgMlmgoYz5SWJBrSmIenOA3,480,0,0
1606249824519,577,appointment-getByDoctor-uid,200,,Thread Group 1-42,text,true,,221209,1140,5,5,http://api.albert.health/appointment/getByDoctor/aNpx0AgMlmgoYz5SWJBrSmIenOA3,168,0,0
1606249796422,28766,doctorAvailibility-get-uid,200,,Thread Group 1-16,text,true,,479198,1139,4,4,http://api.albert.health/doctorAvailability/get/aNpx0AgMlmgoYz5SWJBrSmIenOA3,369,0,0
1606249824710,532,appointment-getByDoctor-uid,200,,Thread Group 1-69,text,true,,221225,1140,4,4,http://api.albert.health/appointment/getByDoctor/aNpx0AgMlmgoYz5SWJBrSmIenOA3,176,0,0
1606249824668,612,appointment-getByDoctor-uid,200,,Thread Group 1-79,text,true,,221217,1140,3,3,http://api.albert.health/appointment/getByDoctor/aNpx0AgMlmgoYz5SWJBrSmIenOA3,161,0,0
1606249824992,462,appointment-getByDoctor-uid,200,,Thread Group 1-47,text,true,,221217,1140,2,2,http://api.albert.health/appointment/getByDoctor/aNpx0AgMlmgoYz5SWJBrSmIenOA3,144,0,0
1606249825188,421,appointment-getByDoctor-uid,200,,Thread Group 1-16,text,true,,221217,1140,1,1,http://api.albert.health/appointment/getByDoctor/aNpx0AgMlmgoYz5SWJBrSmIenOA3,147,0,0
